Class,Accel_x,Accel_y,Accel_y,Delta_accel_x,Delta_accel_y,Delta_accel_z,Previous_delta_accelerate_x,Previous_delta_accel_y,Previous_delta_z,Gyro_x,Gyro_y,Gyro_z,Delta_gyro_x,Delta_gyro_y,Delta_gyro_z,Prev_delta_gyro_x,Prev_delta_gyro_y,Prev_delta_gyro_z
0,-0.4575195,0.3682861,-0.7207031,-0.4575195,0.3682861,-0.7207031,-0.4575195,0.3682861,-0.7207031,11.47461,-39.0625,26.9165,11.47461,-39.0625,26.9165,11.47461,-39.0625,26.9165
0,-0.6885986,0.1956787,-0.6171875,-0.2310791,-0.1726074,0.1035156,-0.6885986,0.1956787,-0.6171875,4.699707,-37.65869,-14.5874,-6.774901,1.403809,-41.5039,4.699707,-37.65869,-14.5874
0,-0.5615234,0.02453613,-0.6378174,0.1270752,-0.1711426,-0.02062988,-0.1040039,-0.34375,0.08288574,61.95068,22.33887,14.46533,57.25097,59.99756,29.05273,50.47607,61.40137,-12.45117
0,-0.5806885,0.1020508,-0.7623291,-0.01916504,0.07751465,-0.1245117,0.1079102,-0.09362793,-0.1451416,-21.72851,58.10546,3.051758,-83.67919,35.7666,-11.41357,-26.42822,95.76416,17.63916
0,-0.7489014,-0.6385498,-0.4643555,-0.1682129,-0.7406006,0.2979736,-0.1873779,-0.6630859,0.1734619,162.1094,-24.6582,24.10888,183.8379,-82.76366,21.05713,100.1587,-46.99707,9.643554
0,-0.7196045,-0.5550537,-0.5528564,0.02929688,0.08349609,-0.08850098,-0.138916,-0.6571045,0.2094727,-187.561,-3.417969,-18.9209,-349.6704,21.24023,-43.02979,-165.8325,-61.52343,-21.97266
0,-0.6612549,0.05688477,-0.6988525,0.05834961,0.6119385,-0.1459961,0.08764648,0.6954346,-0.2344971,13.79394,-3.051758,0.4882812,201.355,0.3662109,19.40918,-148.3154,21.60644,-23.6206
0,-0.6800537,0.1706543,-0.6947021,-0.01879883,0.1137695,0.004150391,0.03955078,0.725708,-0.1418457,-130.9204,36.07178,19.59229,-144.7144,39.12354,19.104,56.64061,39.48975,38.51318
0,-0.5610352,0.7297363,-0.4030762,0.1190186,0.559082,0.291626,0.1002197,0.6728516,0.2957764,5.065917,2.929687,1.098633,135.9863,-33.14209,-18.49365,-8.728027,5.981445,0.6103516
0,-0.7572021,-0.1328125,-0.6218262,-0.196167,-0.8625488,-0.21875,-0.07714844,-0.3034668,0.07287598,29.66308,6.16455,2.990722,24.59717,3.234863,1.89209,160.5835,-29.90723,-16.60156
0,-0.9886475,-0.2092285,-0.4499512,-0.2314453,-0.07641602,0.171875,-0.4276123,-0.9389648,-0.046875,-7.751464,-99.4873,7.568359,-37.41455,-105.6518,4.577637,-12.81738,-102.417,6.469726
0,-0.7911377,-0.09558105,0.5556641,0.1975098,0.1136475,1.005615,-0.03393555,0.03723145,1.17749,13.97705,-29.90722,-6.896972,21.72851,69.58007,-14.46533,-15.68603,-36.07177,-9.887694
0,-0.7789307,-0.157959,0.6153564,0.01220703,-0.06237793,0.05969238,0.2097168,0.05126953,1.065308,-13.12256,64.39209,24.71924,-27.09961,94.29932,31.61621,-5.371093,163.8794,17.15088
0,-0.8831787,-0.0690918,-0.6187744,-0.104248,0.08886719,-1.234131,-0.09204102,0.02648926,-1.174438,8.789063,8.789063,-6.04248,21.91162,-55.60303,-30.76172,-5.187987,38.69629,0.8544922
0,-0.6673584,-0.03466797,-0.6345215,0.2158203,0.03442383,-0.01574707,0.1115723,0.123291,-1.249878,6.347656,96.61864,11.53564,-2.441407,87.82958,17.57812,19.47021,32.22655,-13.18359
0,-0.06445313,0.06408691,-1.025513,0.6029053,0.09875488,-0.3909912,0.8187256,0.1331787,-0.4067383,4.638672,9.887695,-1.647949,-1.708984,-86.73095,-13.18359,-4.150391,1.098633,4.394531
0,-0.3060303,-0.05322266,-0.9539795,-0.2415771,-0.1173096,0.0715332,0.3613281,-0.01855469,-0.319458,62.25586,-144.043,-33.5083,57.61718,-153.9307,-31.86035,55.9082,-240.6616,-45.04395
0,-0.8734131,-0.008666992,-0.5206299,-0.5673828,0.04455566,0.4333496,-0.80896,-0.07275391,0.5048828,6.04248,1.708984,-4.760742,-56.21338,145.752,28.74756,1.403808,-8.178711,-3.112793
0,-1.068604,-0.07226563,-0.2579346,-0.1951904,-0.06359863,0.2626953,-0.7625732,-0.01904297,0.6960449,2.13623,-51.14746,-4.699707,-3.90625,-52.85644,0.06103516,-60.11963,92.89551,28.80859
0,-0.7758789,0.05895996,0.3526611,0.2927246,0.1312256,0.6105957,0.09753418,0.06762695,0.873291,10.0708,-43.02978,5.92041,7.934569,8.117676,10.62012,4.02832,-44.73877,10.68115
0,-0.9346924,-0.002441406,0.4151611,-0.1588135,-0.06140137,0.0625,0.1339111,0.06982422,0.6730957,-1.220703,12.02392,-1.953125,-11.2915,55.05371,-7.873535,-3.356934,63.17138,2.746582
0,-0.8769531,0.0378418,0.002685547,0.05773926,0.0402832,-0.4124756,-0.1010742,-0.02111816,-0.3499756,-10.43701,109.4971,11.53564,-9.216308,97.47314,13.48877,-20.50781,152.5268,5.615234
0,-0.8515625,0.001464844,-0.6160889,0.02539063,-0.03637695,-0.6187744,0.08312988,0.00390625,-1.03125,-3.601074,7.263183,2.563476,6.835937,-102.2339,-8.972167,-2.380371,-4.760742,4.516601
0,-0.444458,0.02905273,-0.9284668,0.4071045,0.02758789,-0.3123779,0.4324951,-0.008789063,-0.9311523,-30.51758,136.2915,5.249023,-26.9165,129.0283,2.685547,-20.08057,26.79444,-6.286621
0,-0.1481934,0.05126953,-0.9949951,0.2962646,0.0222168,-0.06652832,0.7033691,0.04980469,-0.3789063,-1.953125,-14.09912,-2.258301,28.56445,-150.3906,-7.507324,1.647949,-21.3623,-4.821777
0,-0.7253418,0.02233887,-0.4528809,-0.5771484,-0.02893066,0.5421143,-0.2808838,-0.006713867,0.4755859,-0.3662109,-133.4839,-21.24023,1.586914,-119.3848,-18.98193,30.15137,-269.7754,-26.48926
0,-0.8572998,0.005737305,-0.503418,-0.131958,-0.01660156,-0.05053711,-0.7091064,-0.04553223,0.4915771,14.28223,-1.525879,-4.211426,14.64844,131.958,17.02881,16.23535,12.57324,-1.953125
0,-0.7318115,-0.5161133,-0.4821777,0.1254883,-0.5218506,0.02124023,-0.006469727,-0.5384521,-0.02929688,27.40478,2.807617,0.6713867,13.12256,4.333496,4.882813,27.77099,136.2915,21.91162
0,-0.7598877,-0.3825684,-0.7319336,-0.02807617,0.1335449,-0.2497559,0.09741211,-0.3883057,-0.2285156,-205.0781,-25.39062,-19.59229,-232.4829,-28.19824,-20.26367,-219.3603,-23.86474,-15.38086
0,-0.8040771,0.05834961,-0.5919189,-0.04418945,0.440918,0.1400146,-0.07226563,0.5744629,-0.1097412,-1.586914,2.01416,-0.427246,203.4912,27.40478,19.16504,-28.9917,-0.7934568,-1.098633
0,-0.5766602,0.6779785,-0.4489746,0.227417,0.6196289,0.1429443,0.1832275,1.060547,0.282959,-62.37793,2.075195,19.83643,-60.79101,0.06103516,20.26367,142.7002,27.46582,39.42871
0,-0.5847168,0.37854,-0.5806885,-0.008056641,-0.2994385,-0.1317139,0.2193604,0.3201904,0.01123047,232.5439,11.65771,2.441406,294.9218,9.582519,-17.39502,234.1308,9.643554,2.868652
0,-0.9746094,-0.2216797,-0.6413574,-0.3898926,-0.6002197,-0.06066895,-0.3979492,-0.8996582,-0.1923828,2.01416,-25.81787,12.02392,-230.5298,-37.47558,9.582519,64.39209,-27.89306,-7.812501
0,-0.8789063,0.07617188,0.1436768,0.09570313,0.2978516,0.7850342,-0.2941895,-0.3023682,0.7243652,19.59229,-118.2861,-26.97754,17.57813,-92.46825,-39.00146,-212.9516,-129.9438,-29.41894
0,-0.4666748,0.03857422,0.9020996,0.4122314,-0.03759766,0.7584229,0.5079346,0.2602539,1.543457,7.263183,-35.94971,1.403808,-12.3291,82.33642,28.38135,5.249023,-10.13184,-10.62012
0,-0.4957275,0.04125977,0.8879395,-0.02905273,0.002685547,-0.01416016,0.3831787,-0.03491211,0.7442627,1.098633,-0.7324218,-4.943848,-6.16455,35.21729,-6.347656,-18.49365,117.5537,22.03369
0,-0.369751,0.05786133,0.8438721,0.1259766,0.01660156,-0.04406738,0.09692383,0.01928711,-0.05822754,-6.652832,29.96826,7.324218,-7.751464,30.70068,12.26807,-13.91601,65.91797,5.92041
0,-0.8886719,0.0670166,-0.3690186,-0.5189209,0.009155273,-1.212891,-0.3929443,0.02575684,-1.256958,-42.96875,95.27587,1.098633,-36.31591,65.30761,-6.225585,-44.06738,96.00829,6.04248
0,-0.7398682,0.01611328,-0.7202148,0.1488037,-0.05090332,-0.3511963,-0.3701172,-0.04174805,-1.564087,9.94873,7.385253,-13.30566,52.91748,-87.89062,-14.4043,16.60156,-22.58301,-20.62988
0,-0.6699219,-0.005126953,-0.7242432,0.06994629,-0.02124023,-0.00402832,0.21875,-0.07214355,-0.3552246,-1.464844,13.3667,1.037598,-11.41357,5.981445,14.34326,41.5039,-81.90917,-0.06103516
0,0.1971436,-0.005004883,-0.8586426,0.8670654,0.00012207,-0.1343994,0.9370117,-0.02111816,-0.1384277,-1.647949,-36.25488,-9.338379,-0.1831055,-49.62158,-10.37598,-11.59668,-43.64014,3.967284
0,-0.05664063,0.01916504,-0.9747314,-0.2537842,0.02416992,-0.1160889,0.6132813,0.02429199,-0.2504883,1.770019,-15.93017,-6.04248,3.417969,20.32471,3.295899,3.234863,-29.29687,-7.080078
0,-0.6340332,-0.01416016,-0.7749023,-0.5773926,-0.0333252,0.1998291,-0.8311768,-0.009155273,0.08374023,2.258301,-80.5664,-0.9155272,0.4882813,-64.63622,5.126953,3.90625,-44.31152,8.422852
0,-0.696167,-0.06103516,-0.6290283,-0.06213379,-0.046875,0.145874,-0.6395264,-0.0802002,0.3457031,-26.97754,114.0747,4.882813,-29.23584,194.6411,5.79834,-28.74756,130.0049,10.92529
0,-0.135498,0.07531738,-1.004883,0.5606689,0.1363525,-0.3758545,0.4985352,0.08947754,-0.2299805,9.338379,8.422852,-0.6103516,36.31592,-105.6518,-5.493164,7.080078,88.98925,0.3051757
0,-0.1391602,-0.3109131,-0.9527588,-0.003662109,-0.3862305,0.05212402,0.5570068,-0.2498779,-0.3237305,129.3335,-38.69629,6.958007,119.9951,-47.11914,7.568359,156.311,-152.771,2.075195
0,-0.22229,-0.760376,-0.586792,-0.08312988,-0.4494629,0.3659668,-0.08679199,-0.8356934,0.4180908,-36.56006,7.385253,-8.483887,-165.8936,46.08154,-15.44189,-45.89844,-1.037598,-7.873535
0,-0.2619629,0.1206055,-0.9208984,-0.03967285,0.8809814,-0.3341064,-0.1228027,0.4315186,0.03186035,-12.26807,-1.708984,1.831055,24.29199,-9.094237,10.31494,-141.6016,36.9873,-5.126953
0,-0.1665039,0.7329102,-0.5657959,0.09545898,0.6123047,0.3551025,0.05578613,1.493286,0.02099609,-80.7495,-3.784179,10.86426,-68.48144,-2.075195,9.033202,-44.18945,-11.16943,19.34814
0,-0.2139893,0.7318115,-0.5611572,-0.04748535,-0.001098633,0.004638672,0.04797363,0.6112061,0.3597412,96.3745,-15.25879,-14.46533,177.124,-11.47461,-25.32959,108.6426,-13.5498,-16.29638
0,-0.3983154,-0.1850586,-0.8729248,-0.1843262,-0.9168701,-0.3117676,-0.2318115,-0.9179688,-0.3071289,20.01953,-9.70459,-2.685547,-76.35497,5.554198,11.77978,100.769,-5.92041,-13.5498
0,-0.7595215,-0.1400146,-0.5769043,-0.3612061,0.04504395,0.2960205,-0.5455322,-0.8718262,-0.01574707,-34.79004,-85.083,27.22168,-54.80957,-75.37841,29.90722,-131.1646,-69.82421,41.68701
0,-0.8881836,-0.05456543,-0.4451904,-0.1286621,0.08544922,0.1317139,-0.4898682,0.1304932,0.4277344,-5.187988,6.530761,-1.586914,29.60205,91.61376,-28.80859,-25.20752,16.23535,1.098633
0,-0.112915,-0.03308105,-1.036255,0.7752686,0.02148438,-0.5910645,0.6466064,0.1069336,-0.4593506,26.36719,19.59229,21.1792,31.55517,13.06152,22.76611,61.15723,104.6753,-6.04248
0,-0.1071777,-0.1247559,-0.9556885,0.005737305,-0.0916748,0.08056641,0.7810059,-0.07019043,-0.510498,19.16504,3.173828,13.42773,-7.202147,-16.41846,-7.751464,24.35303,-3.356933,15.01465
0,-0.09545898,-0.6315918,-0.7502441,0.01171875,-0.5068359,0.2054443,0.01745605,-0.5985107,0.2860107,-13.79394,5.187988,-10.43701,-32.95898,2.01416,-23.86474,-40.16113,-14.4043,-31.61621
0,-0.1907959,-0.2714844,-0.9306641,-0.09533691,0.3601074,-0.1804199,-0.08361816,-0.1467285,0.02502441,-148.9868,-9.643555,-50.90332,-135.1929,-14.83154,-40.4663,-168.1519,-12.81738,-64.33105
0,-0.236084,0.001220703,-0.9659424,-0.04528809,0.2727051,-0.03527832,-0.140625,0.6328125,-0.2156982,0.9155272,1.037598,-1.464844,149.9023,10.68115,49.43847,14.70947,-4.15039,8.972167
0,-0.1298828,0.4134521,-0.8532715,0.1062012,0.4122314,0.1126709,0.06091309,0.6849365,0.07739258,-149.292,0.8544921,12.51221,-150.2075,-0.1831055,13.97705,-0.3051758,10.49805,63.41552
0,-0.0949707,0.6474609,-0.7092285,0.03491211,0.2340088,0.144043,0.1411133,0.6462402,0.2567139,94.9707,-25.8789,-12.87842,244.2627,-26.7334,-25.39062,94.05517,-26.9165,-11.41357
0,-0.3226318,-0.1832275,-0.9213867,-0.2276611,-0.8306885,-0.2121582,-0.192749,-0.5966797,-0.06811523,2.197266,-0.9155272,-3.417969,-92.77343,24.96338,9.460448,151.4893,-1.770019,-15.93017
0,-0.2209473,-0.7213135,-0.6428223,0.1016846,-0.5380859,0.2785645,-0.1259766,-1.368774,0.06640625,59.08203,19.22607,18.37158,56.88476,20.1416,21.78955,-35.88867,45.10498,31.25
0,-0.2312012,-0.3428955,-0.9245605,-0.01025391,0.378418,-0.2817383,0.09143066,-0.159668,-0.003173828,-103.5767,-25.8789,-24.71924,-162.6587,-45.10498,-43.09082,-105.7739,-24.96338,-21.30127
0,-0.2342529,-0.0826416,-0.9182129,-0.003051758,0.2602539,0.006347656,-0.01330566,0.6386719,-0.2753906,-4.394531,12.51221,-4.150391,99.18212,38.39111,20.56885,-63.47656,-6.713868,-22.52197
0,0.1787109,-0.006835938,-0.9291992,0.4129639,0.07580566,-0.01098633,0.4099121,0.3360596,-0.004638672,8.605957,4.821777,4.882813,13.00049,-7.690429,9.033203,112.1826,30.70068,29.60205
0,0.1293945,-0.09631348,-1.003662,-0.04931641,-0.08947754,-0.07446289,0.3636475,-0.01367188,-0.08544922,50.04882,-106.4453,-4.760742,41.44287,-111.2671,-9.643555,54.44336,-118.9575,-0.6103516
0,-0.4820557,0.05371094,-0.8282471,-0.6114502,0.1500244,0.175415,-0.6607666,0.06054688,0.1009521,-2.868652,-2.990722,-1.953125,-52.91748,103.4546,2.807617,-11.47461,-7.8125,-6.835938
0,-0.6801758,-0.03137207,-0.7559814,-0.1981201,-0.08508301,0.07226563,-0.8095703,0.06494141,0.2476807,27.16064,-58.41064,9.094238,30.02929,-55.41992,11.04736,-22.88818,48.03466,13.85498
0,-0.8212891,0.08496094,-0.5356445,-0.1411133,0.116333,0.2203369,-0.3392334,0.03125,0.2926025,3.601074,2.563476,-4.333496,-23.55957,60.97412,-13.42773,6.469726,5.554199,-2.380371
0,-0.4246826,-0.1192627,-1.018555,0.3966064,-0.2042236,-0.4829102,0.2554932,-0.08789063,-0.2625732,2.624511,20.26367,-4.02832,-0.9765625,17.70019,0.3051758,-24.53613,78.67431,-13.12256
0,-0.1711426,-0.4625244,-0.8433838,0.25354,-0.3432617,0.1751709,0.6501465,-0.5474854,-0.3077393,59.2041,23.86474,17.8833,56.57959,3.601074,21.91162,55.60302,21.30127,22.2168
0,-0.1640625,-0.6461182,-0.6976318,0.007080078,-0.1835938,0.145752,0.2606201,-0.5268555,0.3209229,-59.57031,-4.699707,-10.92529,-118.7744,-28.56445,-28.80859,-62.19482,-24.96338,-6.896972
0,-0.2010498,-0.0802002,-0.9611816,-0.0369873,0.565918,-0.2635498,-0.02990723,0.3823242,-0.1177979,4.394531,1.770019,-1.037598,63.96484,6.469727,9.887694,-54.80957,-22.09472,-18.9209
0,-0.2113037,-0.06494141,-0.9580078,-0.01025391,0.01525879,0.003173828,-0.04724121,0.5811768,-0.260376,-4.150391,-3.051758,-0.9155272,-8.544922,-4.821777,0.1220704,55.41992,1.647949,10.00976
0,-0.0970459,0.630249,-0.7579346,0.1142578,0.6951904,0.2000732,0.1040039,0.7104492,0.2032471,-32.89795,19.89746,6.835937,-28.74756,22.94922,7.751464,-37.29248,18.12744,7.873535
0,-0.1817627,0.4846191,-0.8041992,-0.0847168,-0.1456299,-0.04626465,0.02954102,0.5495605,0.1538086,179.4433,-31.73828,-27.09961,212.3413,-51.63574,-33.93554,183.5937,-28.68652,-26.18408
0,-0.4102783,-0.2180176,-0.864624,-0.2285156,-0.7026367,-0.0604248,-0.3132324,-0.8482666,-0.1066895,-0.5493164,0.1220703,-0.6713867,-179.9927,31.86035,26.42822,32.34863,-19.77539,-7.507324
0,-0.4067383,-0.1816406,-0.9466553,0.003540039,0.03637695,-0.08203125,-0.2249756,-0.6662598,-0.1424561,-30.27344,-11.59668,2.075195,-29.72412,-11.71875,2.746582,-209.7168,20.1416,29.1748
0,-0.6851807,0.07666016,-0.7471924,-0.2784424,0.2583008,0.1994629,-0.2749023,0.2946777,0.1174316,12.51221,-11.59668,-0.427246,42.78564,0,-2.502441,13.06152,-11.71875,0.2441406
0,-0.7030029,0.06286621,-0.6820068,-0.01782227,-0.01379395,0.06518555,-0.2962646,0.2445068,0.2646484,4.455566,-1.281738,0.7324218,-8.05664,10.31494,1.159668,34.729,10.31494,-1.342773
0,-0.37854,-0.1179199,-0.9659424,0.3244629,-0.1807861,-0.2839355,0.3066406,-0.1945801,-0.21875,1.403808,26.00097,-5.065917,-3.051758,27.28271,-5.798339,-11.1084,37.59765,-4.638671
0,0.03344727,0.06115723,-0.9708252,0.4119873,0.1790771,-0.004882813,0.7364502,-0.001708984,-0.2888184,39.67285,82.21435,12.45117,38.26904,56.21337,17.51709,35.21729,83.49609,11.71875
0,0.2995605,-0.001464844,-0.9533691,0.2661133,-0.06262207,0.01745605,0.6781006,0.1164551,0.01257324,1.708984,1.220703,2.258301,-37.96387,-80.99364,-10.19287,0.3051758,-24.78027,7.324218
0,-0.1313477,-0.008666992,-0.9171143,-0.4309082,-0.007202148,0.03625488,-0.1647949,-0.06982422,0.05371094,11.04736,-110.7178,-0.4882812,9.338378,-111.9385,-2.746582,-28.62549,-192.9321,-12.93945
0,-0.6027832,-0.03527832,-0.8156738,-0.4714355,-0.02661133,0.1014404,-0.9023438,-0.03381348,0.1376953,2.502441,3.784179,5.249023,-8.544921,114.5019,5.737304,0.7934571,2.563476,2.990722
0,-0.8297119,-0.1016846,-0.4649658,-0.2269287,-0.06640625,0.350708,-0.6983643,-0.09301758,0.4521484,-18.06641,-65.67383,6.16455,-20.56885,-69.45801,0.9155273,-29.11377,45.04394,6.652832
0,-0.8999023,-0.05224609,-0.4240723,-0.07019043,0.04943848,0.04089355,-0.2971191,-0.01696777,0.3916016,8.056641,-7.995605,-3.173828,26.12305,57.67822,-9.338378,5.554199,-11.77978,-8.422851
0,-0.6473389,-0.08703613,-0.8408203,0.2525635,-0.03479004,-0.416748,0.182373,0.01464844,-0.3758545,-1.831055,28.38135,-18.85986,-9.887695,36.37695,-15.68604,16.23535,94.05518,-25.02441
0,-0.5483398,-0.06970215,-0.7874756,0.09899902,0.01733398,0.05334473,0.3515625,-0.01745605,-0.3634033,-9.70459,32.65381,1.525879,-7.873535,4.272463,20.38574,-17.76123,40.64941,4.699707
0,-0.02270508,-0.02429199,-0.9631348,0.5256348,0.04541016,-0.1756592,0.6246338,0.06274414,-0.1223145,0.1831055,15.74707,4.272461,9.887695,-16.90674,2.746582,2.01416,-12.63428,23.13232
0,0.02355957,-0.01391602,-0.9761963,0.04626465,0.01037598,-0.01306152,0.5718994,0.05578613,-0.1887207,4.943848,-7.141113,-0.3051758,4.760742,-22.88818,-4.577637,14.64844,-39.79492,-1.831055
0,-0.5668945,-0.01635742,-0.7550049,-0.5904541,-0.002441406,0.2211914,-0.5441895,0.00793457,0.2081299,-3.051758,-1.770019,-0.3662109,-7.995605,5.371093,-0.06103513,-3.234863,-17.51709,-4.638672
0,-0.5638428,-0.02880859,-0.8006592,0.003051758,-0.01245117,-0.0456543,-0.5874023,-0.01489258,0.1755371,2.075195,3.90625,-1.525879,5.126953,5.676269,-1.159668,-2.868652,11.04736,-1.220703
0,-0.3709717,-0.5314941,-0.7650146,0.1928711,-0.5026855,0.03564453,0.1959229,-0.5151367,-0.01000977,42.35839,1.89209,4.821777,40.2832,-2.01416,6.347656,45.41015,3.662109,5.187988
0,-0.3157959,-0.4980469,-0.7664795,0.05517578,0.03344727,-0.001464844,0.2480469,-0.4692383,0.03417969,-11.96289,5.249023,-3.601074,-54.32129,3.356933,-8.422852,-14.03808,1.342773,-2.075195
0,-0.253418,-0.06896973,-0.9335938,0.06237793,0.4290771,-0.1671143,0.1175537,0.4625244,-0.1685791,3.90625,-2.929687,0.3051758,15.86914,-8.17871,3.90625,-38.45214,-4.821777,-4.516602
0,-0.2457275,0.04919434,-0.9658203,0.00769043,0.1181641,-0.03222656,0.07006836,0.5472412,-0.1993408,-96.06933,7.507324,0.793457,-99.97558,10.43701,0.4882812,-84.10644,2.258301,4.394531
0,-0.128418,0.6236572,-0.7557373,0.1173096,0.5744629,0.210083,0.125,0.692627,0.1778564,0.8544921,-5.310058,-4.943848,96.92382,-12.81738,-5.737305,-3.051758,-2.380371,-5.249023
0,-0.3723145,-0.2813721,-0.9034424,-0.2438965,-0.9050293,-0.1477051,-0.1265869,-0.3305664,0.06237793,51.02539,22.82715,5.249023,50.17089,28.13721,10.19287,147.0947,15.31982,4.455566
0,-0.2602539,-0.2510986,-0.8527832,0.1120605,0.03027344,0.05065918,-0.1318359,-0.8747559,-0.0970459,32.53174,17.02881,25.57373,-18.49365,-5.798338,20.32471,31.67725,22.33887,30.51758
0,-0.399292,-0.6226807,-0.6439209,-0.1390381,-0.371582,0.2088623,-0.02697754,-0.3413086,0.2595215,-34.66797,8.422852,-18.9209,-67.19971,-8.605957,-44.49463,-85.69336,-14.40429,-24.16992
0,-0.2701416,0.006713867,-0.8195801,0.1291504,0.6293945,-0.1756592,-0.009887695,0.2578125,0.03320313,-27.58789,-13.42773,-0.427246,7.08008,-21.85059,18.49365,-60.11963,-30.45654,-26.00097
0,-0.2470703,-0.07263184,-0.9887695,0.02307129,-0.0793457,-0.1691895,0.1522217,0.5500488,-0.3448486,-0.1220703,-20.26367,-4.882813,27.46582,-6.835937,-4.455566,34.5459,-28.68652,14.03809
0,-0.9182129,-0.06970215,-0.3045654,-0.6711426,0.002929688,0.6842041,-0.6480713,-0.07641602,0.5150146,6.469726,-40.40527,-2.624511,6.591796,-20.1416,2.258301,34.05761,-26.97754,-2.197265
0,-0.9569092,-0.06298828,-0.2712402,-0.03869629,0.006713867,0.0333252,-0.7098389,0.009643555,0.7175293,9.887695,-28.80859,5.798339,3.417969,11.59668,8.422851,10.00977,-8.544922,10.68115
0,-0.8811035,-0.1237793,-0.08935547,0.07580566,-0.06079102,0.1818848,0.03710938,-0.05407715,0.21521,14.95361,92.65136,-4.333496,5.065917,121.46,-10.13184,8.483887,133.0566,-1.708985
0,-0.2615967,0.07641602,-0.9420166,0.6195068,0.2001953,-0.8526611,0.6953125,0.1394043,-0.6707764,-11.2915,18.24951,1.89209,-26.24512,-74.40185,6.225586,-21.1792,47.05811,-3.90625
0,-0.1181641,0.08605957,-0.9943848,0.1434326,0.009643555,-0.05236816,0.7629395,0.2098389,-0.9050293,1.037598,-14.16016,-2.563476,12.3291,-32.40967,-4.455566,-13.91601,-106.8115,1.77002
0,-0.0916748,-0.1914063,-0.9542236,0.02648926,-0.2774658,0.04016113,0.1699219,-0.2678223,-0.01220703,-36.07178,0.6103516,-21.11816,-37.10938,14.77051,-18.55469,-24.78027,-17.63916,-23.01025
0,-0.583252,-0.06506348,-0.9243164,-0.4915771,0.1263428,0.02990723,-0.4650879,-0.151123,0.07006836,23.6206,-194.8852,10.43701,59.69238,-195.4956,31.55517,22.58301,-180.7251,13.00049
0,-0.892334,-0.1534424,0.4290771,-0.309082,-0.08837891,1.353394,-0.8006592,0.03796387,1.383301,-14.95361,-31.55517,8.117676,-38.57421,163.3301,-2.319335,21.11816,-32.16553,29.23584
0,-0.8774414,-0.1464844,0.399292,0.01489258,0.006958008,-0.02978516,-0.2941895,-0.0814209,1.323608,8.728027,-0.427246,5.126953,23.68164,31.12793,-2.990723,-14.89258,194.458,-5.310058
0,-0.8831787,-0.2531738,0.515625,-0.005737305,-0.1066895,0.116333,0.009155273,-0.09973145,0.08654785,-1.953125,-13.30566,-1.525879,-10.68115,-12.87842,-6.652832,13.00049,18.24951,-9.643555
0,-0.795166,-0.166748,0.5722656,0.0880127,0.08642578,0.05664063,0.08227539,-0.02026367,0.1729736,-3.051758,3.295898,0.1220703,-1.098633,16.60156,1.647949,-11.77979,3.723144,-5.004882
0,-0.8261719,-0.217041,0.5541992,-0.03100586,-0.05029297,-0.01806641,0.05700684,0.03613281,0.03857422,0.427246,2.197266,-0.3051758,3.479004,-1.098633,-0.4272461,2.380371,15.50293,1.220703
0,-0.8153076,-0.1098633,0.06176758,0.01086426,0.1071777,-0.4924316,-0.0201416,0.05688477,-0.510498,-5.432128,195.1904,12.63428,-5.859375,192.9931,12.93945,-2.380371,191.8945,12.51221
0,-0.5754395,-0.1236572,-0.8098145,0.2398682,-0.01379395,-0.871582,0.2507324,0.09338379,-1.364014,0.6103516,2.01416,0.427246,6.04248,-193.1763,-12.20703,0.1831055,-0.1831055,0.7324219
0,-0.2104492,-0.04553223,-0.9794922,0.3649902,0.078125,-0.1696777,0.6048584,0.06433105,-1.04126,1.220703,149.1699,31.67724,0.6103516,147.1558,31.25,6.652832,-46.02049,19.04297
0,0.4522705,-0.008911133,-0.8653564,0.6627197,0.03662109,0.1141357,1.02771,0.1147461,-0.05554199,-3.540039,-26.00097,-10.62012,-4.760742,-175.1709,-42.29736,-4.150391,-28.01513,-11.04736
0,0.3922119,-0.03186035,-1.098511,-0.06005859,-0.02294922,-0.2331543,0.6026611,0.01367188,-0.1190186,10.86426,-86.24267,-19.71436,14.4043,-60.24169,-9.094239,9.643554,-235.4126,-51.3916
0,-0.01525879,-0.7912598,-0.567749,-0.01525879,-0.7912598,-0.567749,-0.01525879,-0.7912598,-0.567749,0.3051758,-0.7324218,-0.3662109,0.3051758,-0.7324218,-0.3662109,0.3051758,-0.7324218,-0.3662109
0,-0.01049805,-0.7935791,-0.5687256,0.004760742,-0.002319336,-0.000976563,-0.01049805,-0.7935791,-0.5687256,0.1220703,-1.098633,-1.098633,-0.1831055,-0.366211,-0.7324219,0.1220703,-1.098633,-1.098633
0,-0.01049805,-0.8009033,-0.5688477,0,-0.007324219,-0.00012207,0.004760742,-0.009643555,-0.001098633,0,-0.4882812,-0.5493164,-0.1220703,0.6103516,0.5493164,-0.3051758,0.2441406,-0.1831055
0,0.07141113,-0.7285156,-0.6245117,0.08190918,0.0723877,-0.05566406,0.08190918,0.06506348,-0.05578613,23.92578,25.20752,0.5493164,23.92578,25.6958,1.098633,23.80371,26.30615,1.647949
0,0.1114502,-0.7567139,-0.9080811,0.04003906,-0.02819824,-0.2835693,0.1219482,0.04418945,-0.3392334,-110.3516,-12.57324,41.56494,-134.2773,-37.78076,41.01562,-110.3516,-12.08496,42.11425
0,0.01477051,0.2185059,-0.9366455,-0.09667969,0.9752197,-0.02856445,-0.05664063,0.9470215,-0.3121338,4.455566,0.793457,-1.831055,114.8071,13.3667,-43.39599,-19.47021,-24.41406,-2.380371
0,0.0189209,-0.2878418,-0.982666,0.004150391,-0.5063477,-0.04602051,-0.0925293,0.4688721,-0.07458496,146.4233,13.06152,-18.31055,141.9678,12.26807,-16.47949,256.7749,25.63476,-59.87548
0,0.006103516,-0.6109619,-0.7712402,-0.01281738,-0.3231201,0.2114258,-0.008666992,-0.8294678,0.1654053,3.234863,0.4882812,0.427246,-143.1885,-12.57324,18.73779,-1.220703,-0.3051758,2.258301
0,0.02294922,-0.9837646,-0.1363525,0.0168457,-0.3728027,0.6348877,0.00402832,-0.6959229,0.8463135,72.50977,3.662109,7.507324,69.2749,3.173828,7.080078,-73.91357,-9.399413,25.81787
0,-0.01428223,-0.9136963,-0.1761475,-0.03723145,0.07006836,-0.03979492,-0.02038574,-0.3027344,0.5950928,-223.6328,-13.12256,-6.896972,-296.1426,-16.78467,-14.4043,-226.8677,-13.61084,-7.324218
0,0.004882813,-0.5299072,-0.819458,0.01916504,0.3837891,-0.6433105,-0.01806641,0.4538574,-0.6831055,-21.91162,14.5874,-0.6103516,201.7212,27.70996,6.286621,-94.42139,10.92529,-8.117676
0,0.4864502,-0.493042,-0.6223145,0.4815674,0.03686523,0.1971436,0.5007324,0.4206543,-0.446167,22.3999,105.0415,13.61084,44.31152,90.45409,14.22119,246.0327,118.1641,20.50781
0,0.6407471,-0.6048584,-0.4262695,0.1542969,-0.1118164,0.1960449,0.6358643,-0.07495117,0.3931885,-0.1831055,-5.065917,-1.403808,-22.58301,-110.1074,-15.01465,21.72851,-19.65332,-0.7934569
0,0.2143555,-0.5505371,-0.8328857,-0.4263916,0.05432129,-0.4066162,-0.2720947,-0.05749512,-0.2105713,10.49805,-104.0039,-1.770019,10.68115,-98.93798,-0.3662109,-11.90185,-209.0454,-15.38086
0,-0.06750488,-0.5795898,-0.7884521,-0.2818604,-0.02905273,0.04443359,-0.708252,0.02526855,-0.3621826,2.990722,-21.3623,0.9765624,-7.507323,82.64159,2.746582,3.173828,-16.29638,2.380371
0,-0.4689941,-0.685791,-0.5457764,-0.4014893,-0.1062012,0.2426758,-0.6833496,-0.1352539,0.2871094,0.1220703,-34.91211,-13.00049,-2.868652,-13.54981,-13.97705,-10.37598,69.09179,-11.23047
0,-0.4428711,-0.6954346,-0.4986572,0.02612305,-0.009643555,0.04711914,-0.3753662,-0.1158447,0.2897949,-4.272461,25.26855,4.516602,-4.394531,60.18066,17.51709,-7.263184,46.63086,3.540039
0,-0.01623535,-0.5432129,-0.7869873,0.4266357,0.1522217,-0.2883301,0.4527588,0.1425781,-0.2412109,-16.17432,46.26464,6.774902,-11.90186,20.99609,2.2583,-16.29639,81.17676,19.77539
0,0.06213379,-0.7188721,-0.666748,0.07836914,-0.1756592,0.1202393,0.5050049,-0.0234375,-0.1680908,93.20068,2.258301,-1.89209,109.375,-44.00634,-8.666991,97.47314,-23.01025,-6.408691
0,0.02270508,-0.9608154,0.1502686,-0.03942871,-0.2419434,0.8170166,0.03894043,-0.4176025,0.9372559,23.92578,3.295898,0.9155272,-69.27489,1.037597,2.807617,40.1001,-42.96875,-5.859375
0,0.02758789,-0.9416504,-0.1386719,0.004882813,0.01916504,-0.2889404,-0.0345459,-0.2227783,0.5280762,-130.3101,-44.98291,7.324218,-154.2358,-48.2788,6.408691,-223.5107,-47.24121,9.216308
0,0.03295898,-0.3093262,-0.9298096,0.005371094,0.6323242,-0.7911377,0.01025391,0.6514893,-1.080078,-62.13379,-1.953125,5.004883,68.17627,43.02978,-2.319335,-86.05956,-5.249023,4.089355
0,0.07189941,-0.007446289,-0.9869385,0.03894043,0.3018799,-0.05712891,0.04431152,0.9342041,-0.8482666,-198.6694,22.15576,-4.516602,-136.5356,24.10888,-9.521484,-68.35936,67.13866,-11.84082
0,0.05700684,0.2962646,-0.9289551,-0.01489258,0.3037109,0.0579834,0.02404785,0.6055908,0.000854492,55.11474,-11.16943,1.342773,253.7842,-33.32519,5.859375,117.2485,-9.216308,-3.662109
0,0.02783203,-0.5858154,-0.7703857,-0.0291748,-0.8820801,0.1585693,-0.04406738,-0.5783691,0.2165527,13.85498,-5.310058,-4.02832,-41.25976,5.859375,-5.371094,212.5244,-27.46582,0.4882813
0,0.1739502,-0.5534668,-0.8283691,0.1461182,0.03234863,-0.0579834,0.1169434,-0.8497314,0.1005859,14.34326,68.90869,5.615234,0.4882813,74.21875,9.643555,-40.77148,80.07813,4.27246
0,0.4484863,-0.6535645,-0.5651855,0.2745361,-0.1000977,0.2631836,0.4206543,-0.06774902,0.2052002,-2.868652,-6.103515,-1.708984,-17.21191,-75.01221,-7.324218,-16.72363,-0.793457,2.319336
0,0.2539063,-0.6064453,-0.8338623,-0.1945801,0.04711914,-0.2686768,0.07995605,-0.05297852,-0.005493164,-44.55566,-122.3755,4.394531,-41.68701,-116.272,6.103516,-58.89892,-191.2842,-1.220703
0,-0.06115723,-0.574585,-0.7746582,-0.3150635,0.03186035,0.0592041,-0.5096436,0.07897949,-0.2094727,-2.13623,-6.652832,-0.9155272,42.41943,115.7226,-5.310059,0.7324216,-0.5493164,0.793457
0,-0.3604736,-0.6420898,-0.6463623,-0.2993164,-0.06750488,0.1282959,-0.6143799,-0.03564453,0.1875,12.75635,-59.3872,-15.68603,14.89258,-52.73437,-14.77051,57.31201,62.98828,-20.08057
0,-0.435791,-0.6866455,-0.5308838,-0.07531738,-0.04455566,0.1154785,-0.3746338,-0.1120605,0.2437744,-1.770019,8.117676,3.173828,-14.52637,67.50488,18.85986,0.3662111,14.77051,4.089355
0,-0.02941895,-0.6151123,-0.7468262,0.4063721,0.0715332,-0.2159424,0.3310547,0.02697754,-0.1004639,-3.662109,9.643555,-4.577637,-1.89209,1.525879,-7.751465,-16.41846,69.03076,11.1084
0,0.02246094,-0.699585,-0.7097168,0.05187988,-0.08447266,0.03710938,0.458252,-0.01293945,-0.178833,60.60791,-10.13183,7.751464,64.27001,-19.77539,12.3291,62.37793,-18.24951,4.577637
0,0.03674316,-0.9584961,-0.1401367,0.01428223,-0.2589111,0.5695801,0.06616211,-0.3433838,0.6066895,24.90234,2.990722,5.310058,-35.70557,13.12256,-2.441406,28.56445,-6.652832,9.887695
0,0.03710938,-0.8718262,-0.3509521,0.000366211,0.08666992,-0.2108154,0.01464844,-0.1722412,0.3587646,-119.2627,-5.371093,-6.103515,-144.165,-8.361815,-11.41357,-179.8706,4.760742,-13.85498
0,0.03894043,-0.513916,-0.8168945,0.001831055,0.3579102,-0.4659424,0.002197266,0.4445801,-0.6767578,-4.821777,11.71875,-0.8544921,114.4409,17.08984,5.249023,-29.72412,8.728026,-6.16455
0,0.001586914,-0.1551514,-0.9554443,-0.03735352,0.3587646,-0.1385498,-0.03552246,0.7166748,-0.6044922,2.441406,-1.770019,3.540039,7.263184,-13.48877,4.394531,121.7041,3.601074,9.643554
0,0.04321289,0.04553223,-0.979126,0.04162598,0.2006836,-0.02368164,0.004272461,0.5594482,-0.1622314,4.089355,-0.06103515,-0.3051758,1.647949,1.708984,-3.845215,8.911133,-11.77978,0.5493164
0,-0.01171875,-0.4301758,-0.850708,-0.05493164,-0.475708,0.128418,-0.01330566,-0.2750244,0.1047363,40.89355,-1.770019,-5.615234,36.8042,-1.708984,-5.310058,38.45214,0,-9.155272
0,-0.2952881,-0.6191406,-1.063843,-0.2835693,-0.1889648,-0.2131348,-0.338501,-0.6646729,-0.0847168,41.99218,-19.16504,122.1924,1.098633,-17.39502,127.8076,37.90283,-19.104,122.4976
0,-0.8234863,0.1630859,-0.7705078,-0.5281982,0.7822266,0.293335,-0.8117676,0.5932617,0.0802002,21.72851,1.831055,-26.61133,-20.26367,20.99609,-148.8037,-19.16504,3.601074,-20.99609
0,-0.605835,0.1750488,-0.7810059,0.2176514,0.01196289,-0.01049805,-0.3105469,0.7941895,0.2828369,-0.06103515,9.155273,-0.427246,-21.78955,7.324219,26.18408,-42.05322,28.32031,-122.6196
0,-0.6265869,0.1135254,-0.7349854,-0.02075195,-0.06152344,0.04602051,0.1968994,-0.04956055,0.03552246,5.249023,-1.586914,-4.516602,5.310058,-10.74219,-4.089355,-16.47949,-3.417969,22.09472
0,-0.6367188,-0.1135254,-0.6552734,-0.01013184,-0.2270508,0.07971191,-0.03088379,-0.2885742,0.1257324,107.3608,-2.441406,9.70459,102.1118,-0.8544923,14.22119,107.4219,-11.59668,10.13184
0,-0.5841064,-0.253418,-0.9454346,0.0526123,-0.1398926,-0.2901611,0.04248047,-0.3669434,-0.2104492,-193.9087,11.23047,-44.6167,-301.2695,13.67187,-54.32129,-199.1577,12.81738,-40.10009
0,-0.6699219,0.1922607,-0.7418213,-0.08581543,0.4456787,0.2036133,-0.03320313,0.3057861,-0.08654785,16.72363,11.2915,8.666992,210.6323,0.06103516,53.28369,-90.6372,13.73291,-1.037598
0,-0.2808838,-0.550293,-0.8151855,0.3890381,-0.7425537,-0.07336426,0.3032227,-0.296875,0.130249,31.55517,14.46533,-73.54736,14.83154,3.173828,-82.21436,225.4639,3.234863,-28.93067
0,0.01831055,-0.5828857,-0.7624512,0.2991943,-0.03259277,0.05273438,0.6882324,-0.7751465,-0.02062988,8.850098,25.14648,8.972168,-22.70508,10.68115,82.51953,-7.873535,13.85498,0.3051758
0,-0.004882813,-0.5380859,-0.7966309,-0.02319336,0.0447998,-0.03417969,0.276001,0.01220703,0.01855469,-21.48437,-2.258301,3.967285,-30.33447,-27.40478,-5.004883,-53.03955,-16.72363,77.51465
0,-0.03588867,-0.9378662,-0.3597412,-0.03100586,-0.3997803,0.4368896,-0.05419922,-0.3549805,0.40271,49.56054,-1.281738,-0.1220703,71.04491,0.9765626,-4.089355,40.71045,-26.42822,-9.094238
0,-0.01147461,-0.927124,-0.1955566,0.02441406,0.01074219,0.1641846,-0.006591797,-0.3890381,0.6010742,-56.27441,-7.385253,2.075195,-105.835,-6.103515,2.197266,-34.79004,-5.126953,-1.89209
0,-0.000976563,-0.4448242,-0.8699951,0.01049805,0.4822998,-0.6744385,0.03491211,0.493042,-0.5102539,6.225585,-1.89209,-1.586914,62.5,5.493164,-3.662109,-43.33496,-0.6103516,-1.464844
0,-0.05493164,0.07055664,-1.032471,-0.05395508,0.5153809,-0.1624756,-0.04345703,0.9976807,-0.8369141,-138.0005,-13.30566,0.6713867,-144.2261,-11.41357,2.258301,-81.72607,-5.92041,-1.403809
0,-0.02905273,0.1973877,-0.9205322,0.02587891,0.1268311,0.1119385,-0.02807617,0.6422119,-0.05053711,49.62158,-10.13183,7.93457,187.6221,3.173828,7.263183,43.39599,-8.239745,9.521483
0,0.01367188,-0.6567383,-0.7491455,0.04272461,-0.854126,0.1713867,0.06860352,-0.7272949,0.2833252,13.85498,9.277344,2.075195,-35.7666,19.40918,-5.859375,151.8555,22.58301,1.403809
0,0.2973633,-0.5926514,-0.7120361,0.2836914,0.06408691,0.03710938,0.326416,-0.7900391,0.2084961,46.56982,97.83935,10.25391,32.71484,88.562,8.17871,-3.051758,107.9712,2.319335
0,0.4393311,-0.6893311,-0.5402832,0.1419678,-0.09667969,0.1717529,0.4256592,-0.03259277,0.2088623,-3.479004,-8.483887,-2.01416,-50.04882,-106.3232,-12.26807,-17.33398,-17.76123,-4.089355
0,0.06103516,-0.5952148,-0.7546387,-0.3782959,0.09411621,-0.2143555,-0.2363281,-0.002563477,-0.04260254,14.95361,-1.770019,0.6713867,18.43262,6.713867,2.685547,-31.61621,-99.60937,-9.582519
0,-0.2384033,-0.475708,-0.8283691,-0.2994385,0.1195068,-0.07373047,-0.6777344,0.213623,-0.2880859,-10.37598,-82.70263,-7.751464,-25.32959,-80.93261,-8.422851,-6.896972,-74.21874,-5.737304
0,-0.47229,-0.5769043,-0.6407471,-0.2338867,-0.1011963,0.1876221,-0.5333252,0.01831055,0.1138916,-4.943848,7.446289,0.6103516,5.432128,90.14892,8.361816,-19.89746,9.216308,-0.0610351
0,-0.05480957,-0.4541016,-0.8061523,0.4174805,0.1228027,-0.1654053,0.1835938,0.02160645,0.0222168,-23.01025,95.82519,6.530761,-18.0664,88.3789,5.92041,-12.63428,178.5278,14.28223
0,-0.0333252,-0.3336182,-0.9383545,0.02148438,0.1204834,-0.1322021,0.4389648,0.2432861,-0.2976074,-110.9009,-6.530761,-7.629394,-87.89062,-102.3559,-14.16016,-105.957,-13.97705,-8.239746
0,0.00378418,0.1550293,-0.9665527,0.03710938,0.4886475,-0.02819824,0.05859375,0.6091309,-0.1604004,15.74707,-3.295898,-0.5493164,126.6479,3.234863,7.080078,38.75732,-99.12109,-7.080078
0,-0.000854492,-0.5183105,-0.7994385,-0.004638672,-0.6733398,0.1671143,0.0324707,-0.1846924,0.138916,29.35791,-1.708984,3.295898,13.61084,1.586914,3.845215,140.2588,4.821777,10.92529
0,0.02746582,-0.7288818,-0.6661377,0.02832031,-0.2105713,0.1333008,0.02368164,-0.8839111,0.300415,74.03564,3.173828,-7.385253,44.67773,4.882812,-10.68115,58.28857,6.469726,-6.835937
0,-0.01098633,-0.9396973,-0.2442627,-0.03845215,-0.2108154,0.421875,-0.01013184,-0.4213867,0.5551758,2.868652,0.2441406,0.06103515,-71.16699,-2.929687,7.446289,-26.48926,1.953125,-3.234863
0,0.000366211,-0.5264893,-0.8927002,0.01135254,0.413208,-0.6484375,-0.02709961,0.2023926,-0.2265625,-38.69629,14.5874,19.16504,-41.56494,14.34326,19.104,-112.7319,11.41357,26.55029
0,-0.01367188,-0.3149414,-0.9526367,-0.01403809,0.2115479,-0.05993652,-0.002685547,0.6247559,-0.708374,-56.15234,2.685547,16.17432,-17.45605,-11.90185,-2.990723,-59.02099,2.441406,16.11328
0,0.4274902,-0.5059814,-0.6772461,0.4411621,-0.19104,0.2753906,0.427124,0.02050781,0.2154541,17.27295,23.31543,5.798339,73.42529,20.62988,-10.37598,55.96924,8.728026,-13.3667
0,0.206543,-0.5344238,-0.7236328,-0.2209473,-0.02844238,-0.04638672,0.2202148,-0.2194824,0.2290039,-13.5498,-119.873,6.530761,-30.82275,-143.1885,0.7324219,42.60254,-122.5586,-9.643555
0,-0.04614258,-0.7526855,-0.6619873,-0.2526855,-0.2182617,0.06164551,-0.4736328,-0.2467041,0.01525879,-1.953125,-4.333496,4.150391,11.59668,115.5395,-2.380371,-19.22607,-27.64892,-1.647949
0,-0.3226318,-0.5217285,-0.7700195,-0.2764893,0.230957,-0.1080322,-0.5291748,0.01269531,-0.04638672,-41.19873,-41.74804,-3.234863,-39.2456,-37.41455,-7.385254,-27.64892,78.125,-9.765624
0,-0.06652832,-0.6240234,-0.9766846,0.2561035,-0.1022949,-0.206665,-0.02038574,0.1286621,-0.3146973,47.18017,90.6372,4.577637,88.3789,132.3852,7.8125,49.1333,94.9707,0.4272461
0,0.1778564,-0.6247559,-0.7128906,0.2443848,-0.000732422,0.2637939,0.5004883,-0.1030273,0.05712891,-7.507324,-14.16016,3.967285,-54.6875,-104.7974,-0.6103518,33.6914,27.58789,7.202148
0,0.1485596,-0.5959473,-0.7784424,-0.02929688,0.02880859,-0.06555176,0.2150879,0.02807617,0.1982422,-9.399414,1.525879,-4.943848,-1.89209,15.68603,-8.911133,-56.57959,-89.11132,-9.521484
0,0.1254883,-0.5302734,-0.7645264,-0.02307129,0.06567383,0.01391602,-0.05236816,0.09448242,-0.05163574,-3.784179,-5.187988,-0.3051758,5.615234,-6.713867,4.638672,3.723144,8.972168,-4.272461
0,0.126709,-0.510498,-0.8609619,0.001220703,0.01977539,-0.09643555,-0.02185059,0.08544922,-0.08251953,0.3051758,-13.24463,-2.258301,4.089355,-8.056641,-1.953125,9.70459,-14.77051,2.685547
0,0.2053223,-0.5334473,-1.040039,0.07861328,-0.02294922,-0.1790771,0.07983398,-0.003173828,-0.2755127,-27.89306,43.7622,-51.69677,-28.19824,57.00683,-49.43847,-24.10888,48.95019,-51.3916
0,0.2322998,-0.4520264,-0.8154297,0.02697754,0.0814209,0.2246094,0.1055908,0.05847168,0.04553223,6.591796,-4.211426,-12.146,34.48486,-47.97363,39.55078,6.286621,9.033202,-9.887694
0,0.2025146,-0.4608154,-0.8427734,-0.02978516,-0.008789063,-0.02734375,-0.002807617,0.07263184,0.1972656,2.624511,-1.464844,0.3662109,-3.967285,2.746582,12.51221,30.51758,-45.22705,52.06298
0,-0.01635742,-0.517334,-0.8222656,-0.2188721,-0.05651855,0.02050781,-0.2486572,-0.06530762,-0.006835938,17.51709,3.784179,19.104,14.89258,5.249023,18.73779,10.92529,7.995605,31.25
0,-0.2457275,-0.5147705,-0.8065186,-0.2293701,0.002563477,0.01574707,-0.4482422,-0.05395508,0.03625488,11.41357,-0.06103515,26.42822,-6.103517,-3.845215,7.324217,8.789062,1.403808,26.06201
0,-0.2821045,-0.5032959,-0.8017578,-0.03637695,0.01147461,0.004760742,-0.2657471,0.01403809,0.02050781,4.211426,0.9155272,-1.770019,-7.202147,0.9765624,-28.19824,-13.30566,-2.868652,-20.87402
0,-0.1998291,-0.4887695,-0.7701416,0.08227539,0.01452637,0.03161621,0.04589844,0.02600098,0.03637695,-20.93506,7.385253,-60.79101,-25.14648,6.469726,-59.02099,-32.34863,7.446289,-87.21923
0,0.04431152,-0.4787598,-0.8565674,0.2441406,0.01000977,-0.08642578,0.326416,0.02453613,-0.05480957,4.150391,-1.525879,-5.310058,25.08545,-8.911132,55.48095,-0.06103516,-2.441406,-3.540039
0,0.2269287,-0.4986572,-0.8586426,0.1826172,-0.01989746,-0.002075195,0.4267578,-0.009887695,-0.08850098,-2.01416,1.770019,-14.03808,-6.164551,3.295898,-8.728027,18.9209,-5.615234,46.75293
0,0.1827393,-0.4089355,-0.8582764,-0.04418945,0.08972168,0.000366211,0.1384277,0.06982422,-0.001708984,22.03369,3.295898,49.1333,24.04785,1.525879,63.17138,17.8833,4.821777,54.44336
0,-0.1538086,-0.3759766,-0.9234619,-0.3365479,0.03295898,-0.06518555,-0.3807373,0.1226807,-0.06481934,-19.47021,1.403808,53.6499,-41.50391,-1.89209,4.516602,-17.45605,-0.3662109,67.68798
0,-0.3461914,-0.3184814,-0.8713379,-0.1923828,0.05749512,0.05212402,-0.5289307,0.0904541,-0.01306152,-66.34521,-1.403808,52.30713,-46.875,-2.807617,-1.342773,-88.37891,-4.699707,3.173828
0,-0.3809814,0.1312256,-0.9216309,-0.03479004,0.449707,-0.05029297,-0.2271729,0.5072021,0.001831055,18.61572,-2.01416,-1.708984,84.96094,-0.6103517,-54.01611,38.08594,-3.417969,-55.35888
0,-0.1591797,-0.5330811,-0.9001465,0.2218018,-0.6643066,0.02148438,0.1870117,-0.2145996,-0.02880859,155.6396,-72.20459,-246.7041,137.0239,-70.19043,-244.9951,221.9849,-70.80078,-299.0112
0,0.05371094,-0.4102783,-0.8414307,0.2128906,0.1228027,0.05871582,0.4346924,-0.5415039,0.0802002,-1.831055,28.25928,-3.845215,-157.4707,100.4639,242.8589,-20.44678,30.27344,-2.13623
0,0.4140625,-0.4666748,-0.729126,0.3603516,-0.05639648,0.1123047,0.5732422,0.06640625,0.1710205,2.319336,1.647949,0.9765624,4.150391,-26.61133,4.821777,-153.3203,73.85254,247.6806
0,0.06335449,-0.37146,-0.8867188,-0.350708,0.09521484,-0.1575928,0.009643555,0.03881836,-0.04528809,33.08105,-151.3062,-39.61182,30.76172,-152.9541,-40.58838,34.91211,-179.5654,-35.7666
0,-0.2432861,-0.5306396,-0.75354,-0.3066406,-0.1591797,0.1331787,-0.6573486,-0.06396484,-0.02441406,50.96435,-66.28418,-6.347656,17.8833,85.02197,33.26416,48.64502,-67.93213,-7.324218
0,-0.3778076,-0.5976563,-0.6865234,-0.1345215,-0.0670166,0.0670166,-0.4411621,-0.2261963,0.2001953,-0.1220703,1.464844,-1.037598,-51.08642,67.74902,5.310058,-33.20313,152.771,38.57422
0,0.123291,-0.5053711,-0.8513184,0.5010986,0.09228516,-0.1647949,0.3665771,0.02526855,-0.09777832,-8.605957,-1.220703,14.09912,-8.483887,-2.685547,15.13672,-59.57031,65.06348,20.44678
0,0.01696777,-0.5837402,-0.7659912,-0.1063232,-0.07836914,0.08532715,0.3947754,0.01391602,-0.07946777,42.48046,4.089355,12.75635,51.08642,5.310059,-1.342773,42.60254,2.624512,13.79394
0,0.07763672,-0.8894043,-0.4197998,0.06066895,-0.3056641,0.3461914,-0.0456543,-0.3840332,0.4315186,1.098633,-1.831055,-1.159668,-41.38183,-5.92041,-13.91601,9.70459,-0.6103515,-15.25879
0,-0.006591797,-0.7579346,-0.6553955,-0.08422852,0.1314697,-0.2355957,-0.02355957,-0.1741943,0.1105957,-78.00293,-18.31055,1.464844,-79.10156,-16.47949,2.624512,-120.4834,-22.3999,-11.2915
0,0.01904297,-0.3741455,-0.9034424,0.02563477,0.3837891,-0.2480469,-0.05859375,0.5152588,-0.4836426,-0.06103515,0.3051758,-0.06103515,77.94189,18.61572,-1.525879,-1.159668,2.13623,1.098633
0,0.01696777,0.2702637,-0.9556885,-0.002075195,0.6444092,-0.05224609,0.02355957,1.028198,-0.300293,-64.20898,-9.277344,-5.981445,-64.14795,-9.58252,-5.92041,13.79395,9.033203,-7.446289
0,-0.01049805,0.244751,-0.9313965,-0.02746582,-0.0255127,0.02429199,-0.02954102,0.6188965,-0.0279541,122.8027,-32.77588,-3.784179,187.0117,-23.49854,2.197265,122.8638,-33.08105,-3.723144
0,-0.0670166,-0.5792236,-0.8049316,-0.05651855,-0.8239746,0.1264648,-0.08398438,-0.8494873,0.1507568,-0.7324218,1.89209,0.1220703,-123.5351,34.66797,3.90625,63.47656,11.16943,6.103515
0,-0.09997559,-0.7546387,-0.6723633,-0.03295898,-0.175415,0.1325684,-0.08947754,-0.9993896,0.2590332,111.2671,4.760742,-4.516602,111.9995,2.868652,-4.638672,-11.53564,37.53662,-0.7324221
0,-0.02050781,-0.9359131,-0.2436523,0.07946777,-0.1812744,0.4287109,0.04650879,-0.3566895,0.5612793,1.770019,-0.8544921,0,-109.4971,-5.615234,4.516602,2.502441,-2.746582,-0.1220703
0,-0.004394531,-0.4981689,-0.8787842,0.01611328,0.4377441,-0.6351318,0.09558105,0.2564697,-0.2064209,-27.09961,6.774902,-3.295898,-28.86963,7.629394,-3.295898,-138.3667,2.01416,1.220703
0,0.0637207,-0.1715088,-0.911377,0.06811523,0.3266602,-0.03259277,0.08422852,0.7644043,-0.6677246,-99.85351,32.59277,19.34814,-72.7539,25.81787,22.64404,-101.6235,33.44727,19.34814
0,0.02880859,0.3105469,-0.9291992,-0.03491211,0.4820557,-0.01782227,0.03320313,0.8087158,-0.05041504,-9.82666,-4.394531,-1.403808,90.02685,-36.9873,-20.75195,17.27295,-11.16943,1.89209
0,0.02954102,0.2718506,-0.9777832,0.000732422,-0.03869629,-0.04858398,-0.03417969,0.4433594,-0.06640625,1.953125,0.9155272,3.662109,11.77979,5.310059,5.065917,101.8066,-31.67725,-15.68604
0,0.1114502,-0.2098389,-0.9536133,0.08190918,-0.4816895,0.02416992,0.0826416,-0.5203857,-0.02441406,81.35986,8.178711,-15.25879,79.40673,7.263184,-18.9209,91.18652,12.57324,-13.85498
0,0.04199219,-0.482666,-0.8937988,-0.06945801,-0.2728271,0.05981445,0.01245117,-0.7545166,0.08398438,19.9585,-12.93945,-0.793457,-61.40136,-21.11816,14.46533,18.00537,-13.85498,-4.455566
0,0.50354,-0.6286621,-0.5756836,0.4615479,-0.1459961,0.3181152,0.3920898,-0.4188232,0.3779297,-5.92041,51.75781,-3.601074,-25.87891,64.69726,-2.807617,-87.28027,43.5791,11.65771
0,0.5360107,-0.5860596,-0.5220947,0.0324707,0.04260254,0.05358887,0.4940186,-0.1033936,0.3717041,-2.685547,4.821777,-0.3662109,3.234863,-46.93603,3.234863,-22.64404,17.76123,0.427246
0,0.4915771,-0.6341553,-0.5140381,-0.04443359,-0.0480957,0.008056641,-0.01196289,-0.005493164,0.06164551,-10.68115,-45.10498,-0.1220703,-7.995605,-49.92675,0.2441406,-4.760742,-96.86279,3.479004
0,0.09069824,-0.5131836,-0.8337402,-0.4008789,0.1209717,-0.3197021,-0.4453125,0.07287598,-0.3116455,0.6713867,-61.88964,-6.16455,11.35254,-16.78467,-6.04248,3.356933,-66.71143,-5.798339
0,-0.3438721,-0.7303467,-0.5762939,-0.4345703,-0.2171631,0.2574463,-0.8354492,-0.09619141,-0.06225586,-0.427246,-41.3208,-18.9209,-1.098633,20.56885,-12.75635,10.25391,3.78418,-18.79883
0,-0.2027588,-0.71875,-0.5317383,0.1411133,0.01159668,0.04455566,-0.293457,-0.2055664,0.302002,-35.21729,81.17675,33.44727,-34.79004,122.4975,52.36816,-35.88867,143.0664,39.61182
0,0.1748047,-0.55896,-0.8040771,0.3775635,0.15979,-0.2723389,0.5186768,0.1713867,-0.2277832,5.126953,-10.25391,-3.601074,40.34424,-91.43066,-37.04834,5.554199,31.06689,15.31982
0,-0.2817383,-0.6555176,-0.5616455,-0.456543,-0.09655762,0.2424316,-0.07897949,0.06323242,-0.02990723,27.70996,14.22119,67.07764,22.58301,24.4751,70.67871,62.92725,-66.95556,33.63037
1,-0.7647705,0.7028809,-0.2629395,-0.7647705,0.7028809,-0.2629395,-0.7647705,0.7028809,-0.2629395,-399.7802,6.896972,36.31592,-399.7802,6.896972,36.31592,-399.7802,6.896972,36.31592
1,-0.5727539,-0.1693115,0.8963623,0.1920166,-0.8721924,1.159302,-0.5727539,-0.1693115,0.8963623,0.5493164,-0.5493164,-6.469726,400.3296,-7.446289,-42.78564,0.5493164,-0.5493164,-6.469726
1,-0.904541,0.4506836,-0.526001,-0.3317871,0.6199951,-1.422363,-0.1397705,-0.2521973,-0.2630615,332.5805,93.9331,-88.80614,332.0312,94.48241,-82.33642,732.3608,87.03613,-125.1221
1,-0.5358887,-0.2253418,-0.8618164,0.3686523,-0.6760254,-0.3358154,0.03686523,-0.05603027,-1.758179,73.12012,-0.3662109,4.882813,-259.4604,-94.29931,93.68896,72.5708,0.1831055,11.35254
1,-0.5410156,0.1098633,0.7479248,-0.005126953,0.3352051,1.609741,0.3635254,-0.3408203,1.273926,80.62743,105.7129,-33.08105,7.507317,106.0791,-37.96387,-251.9531,11.77979,55.72509
1,-0.4265137,1.072388,0.2137451,0.114502,0.9625244,-0.5341797,0.109375,1.297729,1.075562,200.0732,-34.66797,-10.68115,119.4458,-140.3809,22.3999,126.9531,-34.30176,-15.56396
1,-0.550293,0.3110352,-0.8404541,-0.1237793,-0.7613525,-1.054199,-0.009277344,0.2011719,-1.588379,86.97509,-37.78076,-6.103515,-113.0981,-3.112793,4.577636,6.347656,-143.4937,26.97754
1,-1.029663,-0.1981201,-0.7961426,-0.4793701,-0.5091553,0.04431152,-0.6031494,-1.270508,-1.009888,-54.80957,-347.7783,1.037598,-141.7847,-309.9975,7.141113,-254.8828,-313.1103,11.71875
1,0.9118652,0.06115723,0.7937012,1.941528,0.2592773,1.589844,1.462158,-0.2498779,1.634155,14.52637,-143.0054,-19.04297,69.33593,204.7729,-20.08057,-72.44872,-105.2246,-12.93945
1,0.3658447,-0.3378906,1.119141,-0.5460205,-0.3990479,0.3254395,1.395508,-0.1397705,1.915283,-16.60156,396.6064,59.26513,-31.12793,539.6118,78.30811,38.208,744.3847,58.22754
1,-0.2657471,0.137085,-1.019287,-0.6315918,0.4749756,-2.138428,-1.177612,0.07592773,-1.812988,7.080078,-7.141113,5.187988,23.68164,-403.7475,-54.07714,-7.446289,135.8643,24.23096
1,-0.4064941,-0.4217529,-0.1069336,-0.1407471,-0.5588379,0.9123535,-0.7723389,-0.0838623,-1.226074,639.4653,-57.37304,-47.30224,632.3853,-50.23193,-52.49023,656.0669,-453.9795,-106.5674
1,-0.4129639,0.2452393,0.9541016,-0.006469727,0.6669922,1.061035,-0.1472168,0.1081543,1.973389,-36.31592,20.75195,-5.676269,-675.7813,78.12499,41.62597,-43.396,27.89306,-10.86426
1,-0.7111816,0.8969727,-0.4244385,-0.2982178,0.6517334,-1.37854,-0.3046875,1.318726,-0.3175049,-209.8389,175.5981,81.604,-173.5229,154.8462,87.28027,-849.3042,232.9712,128.9062
1,-0.4683838,0.3360596,0.8404541,0.2427979,-0.5609131,1.264893,-0.05541992,0.09082031,-0.1136475,14.89258,6.469726,20.93506,224.7314,-169.1284,-60.66894,51.2085,-14.28222,26.61133
1,-0.7197266,-0.470459,-0.802124,-0.2513428,-0.8065186,-1.642578,-0.008544922,-1.367432,-0.3776855,-44.86084,70.3125,-74.40186,-59.75341,63.84277,-95.33691,164.978,-105.2856,-156.0059
1,-0.2687988,-0.7487793,-0.5291748,0.4509277,-0.2783203,0.2729492,0.199585,-1.084839,-1.369629,64.33105,39.97803,-94.23827,109.1919,-30.33447,-19.83642,49.43848,33.5083,-115.1733
1,0.5925293,0.6409912,1.241333,0.8613281,1.389771,1.770508,1.312256,1.11145,2.043457,-40.71045,-146.8506,111.145,-105.0415,-186.8286,205.3833,4.150391,-217.1631,185.5469
1,-0.03955078,1.051392,0.5151367,-0.6320801,0.4104004,-0.7261963,0.229248,1.800171,1.044312,-145.1416,-4.760742,-9.94873,-104.4312,142.0898,-121.0937,-209.4727,-44.73877,84.28954
1,-0.05712891,-0.2041016,-0.9680176,-0.01757813,-1.255493,-1.483154,-0.6496582,-0.8450928,-2.209351,34.79004,30.76172,-4.02832,179.9316,35.52246,5.92041,75.50049,177.6123,-115.1733
1,-0.1395264,-0.6904297,-1.2146,-0.08239746,-0.4863281,-0.246582,-0.09997559,-1.741821,-1.729736,258.3008,13.30566,39.61182,223.5107,-17.45605,43.64014,403.4424,18.06641,49.56055
1,-0.02526855,0.8951416,0.5761719,0.1142578,1.585571,1.790771,0.03186035,1.099243,1.544189,-11.59668,11.53564,7.141113,-269.8975,-1.77002,-32.4707,-46.38672,-19.22607,11.16943
1,0.01879883,-0.5626221,-0.3449707,0.04406738,-1.457764,-0.9211426,0.1583252,0.1278076,0.8696289,-907.4706,-40.1001,-77.88086,-895.874,-51.63574,-85.02197,-1165.771,-53.40576,-117.4927
1,0.04455566,-0.3806152,-0.935791,0.02575684,0.1820068,-0.5908203,0.06982422,-1.275757,-1.511963,24.10888,156.6162,43.27392,931.5795,196.7163,121.1548,35.70556,145.0806,36.13281
1,0.3153076,-0.4906006,0.9532471,0.270752,-0.1099854,1.889038,0.2965088,0.07202148,1.298218,15.25879,47.18017,2.990722,-8.850097,-109.436,-40.2832,922.7294,87.28027,80.87158
1,0.8356934,-0.4729004,0.4550781,0.5203857,0.0177002,-0.4981689,0.7911377,-0.09228516,1.390869,-75.74463,-419.9218,112.3047,-91.00342,-467.102,109.314,-99.85352,-576.5381,69.03076
1,-0.1369629,-0.657959,-0.7116699,-0.9726563,-0.1850586,-1.166748,-0.4522705,-0.1673584,-1.664917,-13.12256,-34.97314,27.9541,62.62207,384.9487,-84.35058,-28.38135,-82.15332,24.96338
1,-0.7171631,-0.8691406,0.6599121,-0.5802002,-0.2111816,1.371582,-1.552856,-0.3962402,0.204834,283.3252,-282.5928,60.79101,296.4478,-247.6196,32.83691,359.0698,137.3291,-51.51367
1,-0.1990967,-0.6627197,0.7307129,0.5180664,0.2064209,0.07080078,-0.06213379,-0.004760742,1.442383,-10.92529,6.835937,7.751464,-294.2505,289.4287,-53.03955,2.197266,41.80908,-20.20263
1,-0.4990234,-0.5909424,-0.536377,-0.2999268,0.07177734,-1.26709,0.2181396,0.2781982,-1.196289,-71.16699,515.0146,-82.33642,-60.2417,508.1787,-90.08788,-354.4922,797.6074,-143.1274
1,0.1096191,-0.685791,-0.7236328,0.6086426,-0.09484863,-0.1872559,0.3087158,-0.02307129,-1.454346,11.77978,-20.81299,0.3662109,82.94678,-535.8276,82.70263,22.70508,-27.64892,-7.385253
1,0.1413574,0.8635254,0.5283203,0.03173828,1.549316,1.251953,0.6403809,1.454468,1.064697,53.58886,65.18555,75.25635,41.80908,85.99854,74.89014,124.7559,-449.8291,157.5928
1,0.003051758,1.202637,0.4886475,-0.1383057,0.3391113,-0.03967285,-0.1065674,1.888428,1.21228,-186.9507,-9.887695,-53.03955,-240.5395,-75.07324,-128.2959,-198.7305,10.92529,-53.40576
1,-0.1716309,-0.3210449,-1.202759,-0.1746826,-1.523682,-1.691406,-0.3129883,-1.18457,-1.731079,-19.83643,27.9541,-27.52685,167.1142,37.8418,25.51269,-73.42529,-37.23145,-102.7832
1,-0.03039551,-0.2872314,-0.8800049,0.1412354,0.03381348,0.3227539,-0.03344727,-1.489868,-1.368652,-73.12012,-24.04785,63.17138,-53.28369,-52.00195,90.69823,113.8306,-14.16015,116.2109
1,-0.03723145,0.5454102,1.198242,-0.006835938,0.8326416,2.078247,0.1343994,0.8664551,2.401001,-60.72998,-69.64111,36.62109,12.39014,-45.59326,-26.55029,-40.89355,-97.59521,64.14795
1,-0.3011475,1.262207,0.3717041,-0.263916,0.7167969,-0.8265381,-0.270752,1.549438,1.251709,329.5288,97.229,-31.49414,390.2588,166.8701,-68.11523,402.6489,121.2768,-94.66552
1,0.2283936,-0.9532471,-0.8813477,0.529541,-2.215454,-1.253052,0.265625,-1.498657,-2.07959,-64.02588,-35.70557,-62.5,-393.5547,-132.9346,-31.00586,-3.295902,33.93555,-99.12109
1,0.4084473,-0.5325928,0.2939453,0.1800537,0.4206543,1.175293,0.7095947,-1.7948,-0.07775879,119.5068,398.4375,-47.0581,183.5327,434.143,15.44189,-210.0219,301.2085,-15.56396
1,-0.2109375,-0.7227783,0.6087646,-0.6193848,-0.1901855,0.3148193,-0.4393311,0.2304688,1.490112,-21.48437,5.004883,-9.216309,-140.9912,-393.4326,37.84179,42.5415,40.71045,53.28369
1,0.2993164,-0.7530518,0.1374512,0.5102539,-0.03027344,-0.4713135,-0.1091309,-0.220459,-0.1564941,-2.868652,-312.8052,33.20313,18.61572,-317.8101,42.41943,-122.3755,-711.2427,80.26123
1,0.06115723,-0.6195068,-0.8067627,-0.2381592,0.1335449,-0.9442139,0.2720947,0.1032715,-1.415527,148.1934,-290.1611,16.29639,151.062,22.64404,-16.90674,169.6777,-295.166,25.5127
1,-0.06213379,-0.8441162,0.4575195,-0.123291,-0.2246094,1.264282,-0.3614502,-0.09106445,0.3200684,2.929687,8.544922,2.197266,-145.2637,298.7061,-14.09912,5.798339,321.3501,-31.00586
1,0.02258301,-1.364136,-0.4782715,0.0847168,-0.5200195,-0.935791,-0.03857422,-0.7446289,0.3284912,-35.64453,91.18652,-57.98339,-38.57422,82.64159,-60.18066,-183.8379,381.3477,-74.27979
1,-0.5466309,-0.4143066,-0.5805664,-0.5692139,0.9498291,-0.1022949,-0.4844971,0.4298096,-1.038086,-87.58544,-39.36768,180.7861,-51.94091,-130.5542,238.7695,-90.51513,-47.9126,178.5889
1,-0.7521973,-0.1345215,-0.1134033,-0.2055664,0.2797852,0.4671631,-0.7747803,1.229614,0.3648682,598.0225,-247.9248,10.92529,685.6079,-208.5571,-169.8608,633.667,-339.1113,68.90868
1,-0.5252686,-0.116333,1.028809,0.2269287,0.01818848,1.142212,0.0213623,0.2979736,1.609375,-70.73975,12.93945,-31.79931,-668.7622,260.8642,-42.72461,16.8457,52.30713,-212.5854
1,-0.6188965,-0.6148682,-0.4780273,-0.09362793,-0.4985352,-1.506836,0.1333008,-0.4803467,-0.364624,-232.1167,19.59229,94.17724,-161.3769,6.652833,125.9766,-830.1392,267.5171,83.25195
1,-0.5522461,0.5222168,0.7224121,0.06665039,1.137085,1.200439,-0.02697754,0.6385498,-0.3063965,-24.16992,35.70557,-6.713867,207.9468,16.11328,-100.8911,46.56982,22.76611,25.08545
1,-0.5340576,0.791626,0.3212891,0.01818848,0.2694092,-0.401123,0.08483887,1.406494,0.7993164,497.5586,-87.03613,-99.85351,521.7285,-122.7417,-93.13964,729.6752,-106.6284,-194.0307
1,-0.6363525,-0.144165,-0.7513428,-0.1022949,-0.935791,-1.072632,-0.08410645,-0.6663818,-1.473755,-6.16455,-1.647949,12.02392,-503.7231,85.38818,111.8774,18.00537,-37.35352,18.73779
1,0.8948975,-0.01867676,0.4963379,1.53125,0.1254883,1.247681,1.428955,-0.8103027,0.1750488,140.1978,-554.4434,115.2344,146.3623,-552.7954,103.2104,-357.3608,-467.4072,215.0879
1,0.8342285,-0.06494141,0.5845947,-0.06066895,-0.04626465,0.08825684,1.470581,0.07922363,1.335938,4.272461,-11.23047,-5.004883,-135.9253,543.2129,-120.2393,10.43701,-9.582519,-17.02881
1,-0.1953125,-0.03051758,0.1904297,-1.029541,0.03442383,-0.394165,-1.09021,-0.01184082,-0.3059082,-30.63965,507.1411,-30.63965,-34.91211,518.3715,-25.63476,-170.8374,1061.584,-145.874
1,-0.619873,-0.1668701,-0.7539063,-0.4245605,-0.1363525,-0.9443359,-1.454102,-0.1019287,-1.338501,119.2627,-3.173828,-5.126953,149.9023,-510.3149,25.51269,114.9902,8.05664,-0.1220698
1,-0.6181641,0.2235107,0.8422852,0.001708984,0.3903809,1.596191,-0.4228516,0.2540283,0.6518555,102.8442,5.310058,-82.09228,-16.41846,8.483886,-76.96532,133.4839,-501.831,-51.45263
1,-0.6796875,-0.4641113,0.5274658,-0.06152344,-0.6876221,-0.3148193,-0.05981445,-0.2972412,1.281372,-363.0371,-70.25146,-27.03857,-465.8813,-75.56152,55.0537,-482.2998,-67.07764,-21.91162
1,-0.7784424,0.7581787,-0.1055908,-0.09875488,1.22229,-0.6330566,-0.1602783,0.534668,-0.947876,-66.04004,66.52832,47.97363,296.997,136.7798,75.0122,-168.8843,61.21826,130.0659
1,-0.5155029,0.2054443,0.8851318,0.2629395,-0.5527344,0.9907227,0.1641846,0.6695557,0.357666,-17.21191,9.82666,-7.202148,48.82813,-56.70166,-55.17578,345.8252,80.07813,19.83642
1,-0.4824219,0.7775879,-0.1450195,0.03308105,0.5721436,-1.030151,0.2960205,0.01940918,-0.03942871,367.3095,-156.7993,-239.4409,384.5215,-166.626,-232.2388,433.3496,-223.3276,-287.4145
1,-0.6307373,-0.5029297,-0.5131836,-0.1483154,-1.280518,-0.3681641,-0.1152344,-0.708374,-1.398315,44.73877,22.09472,7.080078,-322.5708,178.894,246.521,61.95068,12.26806,14.28223
1,-0.6749268,0.4776611,0.8619385,-0.04418945,0.9805908,1.375122,-0.1925049,-0.2999268,1.006958,47.60742,32.71484,-50.96435,2.868652,10.62012,-58.04443,-319.7021,189.5142,188.4765
1,-0.7403564,0.1317139,0.7584229,-0.06542969,-0.3459473,-0.1035156,-0.1096191,0.6346436,1.271606,-72.02148,-6.347656,16.23535,-119.6289,-39.0625,67.19971,-116.7603,-28.44238,9.155273
1,-0.5635986,0.5150146,-0.2757568,0.1767578,0.3833008,-1.03418,0.1113281,0.03735352,-1.137695,-358.3374,82.94677,62.25586,-286.3159,89.29443,46.0205,-405.9448,50.23193,113.2202
1,-0.7198486,0.1213379,0.7231445,-0.15625,-0.3936768,0.9989014,0.02050781,-0.01037598,-0.03527832,3.540039,-21.78955,2.929687,361.8774,-104.7363,-59.32617,75.56152,-15.44189,-13.30566
1,-0.623291,-0.03063965,-0.3425293,0.09655762,-0.1519775,-1.065674,-0.05969238,-0.5456543,-0.06677246,-77.88086,-29.54101,-135.0098,-81.4209,-7.751465,-137.9395,280.4565,-112.4878,-197.2656
1,-0.3356934,-0.5924072,-1.115479,0.2875977,-0.5617676,-0.7729492,0.3841553,-0.7137451,-1.838623,355.3466,-54.6875,-45.77636,433.2275,-25.14648,89.2334,351.8066,-32.89795,-48.70605
1,-0.02978516,0.8321533,0.56604,0.3059082,1.424561,1.681519,0.5935059,0.862793,0.9085693,61.27929,29.96826,-3.662109,-294.0674,84.65575,42.11425,139.1602,59.50927,131.3477
1,0.1560059,-0.4146729,0.8266602,0.185791,-1.246826,0.2606201,0.4916992,0.1777344,1.942139,-332.2754,-50.10986,-11.2915,-393.5547,-80.07812,-7.629394,-687.622,4.577637,34.48486
1,-0.04736328,0.1168213,-1.006104,-0.2033691,0.5314941,-1.832764,-0.01757813,-0.715332,-1.572144,-48.33984,-22.3999,81.23779,283.9355,27.70996,92.52929,-109.6191,-52.36816,84.89989
1,-0.0501709,0.7307129,0.8713379,-0.002807617,0.6138916,1.877441,-0.2061768,1.145386,0.04467773,-11.59668,-3.662109,27.46582,36.74316,18.73779,-53.77197,320.6787,46.44775,38.75732
1,0.06665039,0.2860107,1.096191,0.1168213,-0.4447021,0.2248535,0.1140137,0.1691895,2.102295,49.3164,9.094238,-7.93457,60.91308,12.75635,-35.40039,97.65624,31.49414,-89.17236
1,0.1707764,-0.6704102,-0.87854,0.104126,-0.9564209,-1.974731,0.2209473,-1.401123,-1.749878,358.4594,67.74902,7.568359,309.143,58.65479,15.50293,370.0561,71.41113,-19.89746
1,-0.08825684,0.269043,0.8479004,-0.2590332,0.9394531,1.72644,-0.1549072,-0.01696777,-0.248291,200.1953,-29.35791,2.746582,-158.2641,-97.10693,-4.821777,150.8789,-38.45215,10.68115
1,0.02636719,0.8847656,0.5078125,0.114624,0.6157227,-0.3400879,-0.1444092,1.555176,1.386353,-5.737304,6.530761,-6.835937,-205.9326,35.88867,-9.582519,-364.1967,-61.21826,-14.4043
1,-0.04699707,0.5400391,0.7142334,-0.07336426,-0.3447266,0.2064209,0.04125977,0.2709961,-0.133667,3.112793,-20.75195,-4.943848,8.850097,-27.28271,1.892089,-197.0825,8.605957,-7.69043
1,-0.06396484,-0.7087402,-1.125122,-0.01696777,-1.248779,-1.839355,-0.09033203,-1.593506,-1.632935,-228.8818,3.479004,0.8544921,-231.9946,24.23096,5.79834,-223.1445,-3.051758,7.690429
1,-0.03796387,-0.5405273,-0.8336182,0.02600098,0.1682129,0.2915039,0.009033203,-1.080566,-1.547852,2.807617,7.141113,5.615234,231.6894,3.662109,4.760742,-0.3051758,27.89306,10.55908
1,-0.004516602,0.5189209,-1.149902,0.03344727,1.059448,-0.3162842,0.05944824,1.227661,-0.02478027,-334.3506,-6.408691,26.12304,-337.1582,-13.5498,20.50781,-105.4687,-9.887694,25.26855
1,0.01025391,0.510376,0.8455811,0.01477051,-0.008544922,1.995483,0.04821777,1.050903,1.679199,7.507324,-10.19287,-0.7324218,341.8579,-3.784179,-26.85547,4.699707,-17.33398,-6.347656
1,-0.1011963,1.001099,0.678833,-0.1114502,0.4907227,-0.166748,-0.09667969,0.4821777,1.828735,304.8096,-6.16455,-23.37646,297.3022,4.02832,-22.64404,639.1602,0.2441406,-49.49951
1,0.04956055,-0.9970703,-0.4068604,0.1507568,-1.998169,-1.085693,0.03930664,-1.507446,-1.252441,-45.28808,-7.93457,16.72363,-350.0977,-1.77002,40.1001,-52.79541,2.2583,17.45605
1,-0.4647217,-0.8520508,-0.1074219,-0.5142822,0.1450195,0.2994385,-0.3635254,-1.853149,-0.7862549,74.03564,156.8604,149.5972,119.3237,164.7949,132.8735,-230.7739,163.0249,172.9736
1,-0.7470703,0.114624,-0.699707,-0.2823486,0.9666748,-0.5922852,-0.7966309,1.111694,-0.2928467,157.4097,-15.38086,25.26855,83.37402,-172.2412,-124.3286,202.6978,-7.446289,8.54492
1,-0.8945313,-0.404541,0.5675049,-0.1474609,-0.519165,1.267212,-0.4298096,0.4475098,0.6749268,-25.63476,-69.2749,-27.9541,-183.0444,-53.89404,-53.22265,-99.67041,-226.1353,-177.5513
1,-0.6671143,-0.1037598,0.7480469,0.227417,0.3007813,0.180542,0.07995605,-0.2183838,1.447754,-105.896,-38.51318,-30.70068,-80.26122,30.76172,-2.746582,-263.3057,-23.13232,-55.96923
1,-0.7313232,0.1268311,-0.4360352,-0.06420898,0.2305908,-1.184082,0.163208,0.5313721,-1.00354,-362.3047,102.6001,245.3613,-256.4087,141.1133,276.062,-336.6699,171.875,273.3154
1,-0.6921387,0.6906738,-0.2545166,0.03918457,0.5638428,0.1815186,-0.02502441,0.7944336,-1.002563,99.18212,-37.53662,11.53564,461.4868,-140.1367,-233.8257,205.0781,0.9765625,42.23632
1,-0.6015625,0.04406738,-0.8603516,0.09057617,-0.6466064,-0.605835,0.1297607,-0.08276367,-0.4243164,-128.6011,52.6123,38.45215,-227.7832,90.14893,26.9165,233.7036,-49.98779,-206.9092
1,-0.5429688,0.5671387,0.6561279,0.05859375,0.5230713,1.516479,0.1491699,-0.1235352,0.9106445,-29.78515,61.21826,-76.23291,98.81592,8.605957,-114.6851,-128.9673,98.75488,-87.76855
1,-0.1796875,0.2191162,1.090454,0.3632813,-0.3480225,0.4343262,0.421875,0.1750488,1.950806,-126.0986,125.7934,-56.64062,-96.31347,64.5752,19.59229,2.502449,73.18115,-95.09277
1,-0.6749268,0.07519531,0.6645508,-0.4952393,-0.1439209,-0.4259033,-0.131958,-0.4919434,0.008422852,199.5849,-27.09961,32.4707,325.6836,-152.8931,89.11133,229.3701,-88.31786,108.7036
1,-0.5670166,-0.08093262,-0.8883057,0.1079102,-0.1561279,-1.552856,-0.3873291,-0.3000488,-1.97876,6.408691,-8.605957,7.507324,-193.1763,18.49365,-24.96338,132.5073,-134.3994,64.14794
1,-0.3146973,0.4117432,-0.8514404,0.2523193,0.4926758,0.03686523,0.3602295,0.3365479,-1.515991,-30.27344,17.15088,24.04785,-36.68213,25.75684,16.54053,-229.8584,44.25049,-8.422853
1,-0.07617188,1.050415,-0.1708984,0.2385254,0.6386719,0.680542,0.4908447,1.131348,0.7174072,-334.2285,105.1636,-36.07178,-303.955,88.01269,-60.11963,-340.6372,113.7695,-43.5791
1,-0.3964844,-0.06481934,0.9482422,-0.3203125,-1.115234,1.119141,-0.08178711,-0.4765625,1.799683,25.75683,24.71924,-3.784179,359.9853,-80.44433,32.2876,56.03027,7.568357,-27.83203
1,-0.2344971,0.2792969,1.104858,0.1619873,0.3441162,0.1566162,-0.1583252,-0.7711182,1.275757,188.6597,-13.91601,-18.18848,162.9028,-38.63525,-14.4043,522.8881,-119.0796,17.8833
1,-0.6409912,-0.135498,-0.7619629,-0.4064941,-0.4147949,-1.866821,-0.2445068,-0.07067871,-1.710205,95.52001,-13.42773,-17.27295,-93.13964,0.4882813,0.9155273,69.76318,-38.14697,-13.48877
1,-0.5860596,-0.5852051,-0.4306641,0.05493164,-0.449707,0.3312988,-0.3515625,-0.864502,-1.535522,222.5342,20.62988,-46.26464,127.0142,34.05761,-28.9917,33.87451,34.54589,-28.07617
1,-0.5457764,0.3708496,0.7271729,0.0402832,0.9560547,1.157837,0.09521484,0.5063477,1.489136,7.385253,14.09912,-24.4751,-215.1489,-6.530761,21.78955,-88.13476,27.52685,-7.202147
1,-0.7540283,0.3190918,0.5811768,-0.208252,-0.05175781,-0.1459961,-0.1679688,0.9042969,1.011841,-208.6181,18.37158,11.47461,-216.0034,4.272462,35.9497,-431.1523,-2.258299,57.73925
1,-1.011475,0.5129395,-0.6646729,-0.2574463,0.1938477,-1.24585,-0.4656982,0.1420898,-1.391846,-6.286621,9.82666,-19.22607,202.3315,-8.544922,-30.70068,-13.67187,-4.27246,5.249022
1,-0.6743164,0.09216309,-0.7163086,0.3371582,-0.4207764,-0.05163574,0.07971191,-0.2269287,-1.297485,44.37255,-11.2915,-5.065917,50.65918,-21.11816,14.16016,252.9907,-29.66309,-16.54053
1,-0.3883057,-0.01647949,1.277832,0.2860107,-0.1086426,1.994141,0.6231689,-0.5294189,1.942505,-88.68407,-57.49511,-22.52197,-133.0566,-46.20361,-17.45605,-82.39745,-67.32178,-3.295897
1,-0.4146729,-0.1202393,0.8642578,-0.02636719,-0.1037598,-0.4135742,0.2596436,-0.2124023,1.580566,70.3125,-31.25,-19.65332,158.9966,26.24512,2.86865,25.93995,-19.9585,-14.5874
1,-1.017578,-0.2756348,-0.881958,-0.6029053,-0.1553955,-1.746216,-0.6292725,-0.2591553,-2.15979,212.2192,35.52246,-142.0288,141.9067,66.77246,-122.3755,300.9033,93.01758,-119.5068
1,-0.7017822,-0.1168213,-0.6791992,0.3157959,0.1588135,0.2027588,-0.2871094,0.003417969,-1.543457,-8.728027,16.05225,-1.281738,-220.9473,-19.47021,140.7471,-79.04053,47.30225,18.37158
1,0.3291016,0.3809814,1.303711,1.030884,0.4978027,1.98291,1.34668,0.6566162,2.185669,197.6929,0.1220703,-132.5684,206.4209,-15.93018,-131.2866,-14.52637,-35.40039,9.460449
1,-0.6468506,0.111084,0.7454834,-0.9759521,-0.2698975,-0.5582275,0.05493164,0.2279053,1.424683,-212.9516,14.70947,28.44238,-410.6445,14.5874,161.0107,-204.2236,-1.342774,29.72412
1,-0.7907715,-0.1175537,-0.6330566,-0.1439209,-0.2286377,-1.37854,-1.119873,-0.4985352,-1.936768,-340.2099,3.234863,99.42626,-127.2583,-11.47461,70.98388,-537.9028,3.112793,231.9946
1,-0.7327881,0.5267334,0.4041748,0.0579834,0.6442871,1.037231,-0.0859375,0.4156494,-0.3413086,-39.24561,16.8457,-5.676269,300.9643,13.61084,-105.1025,173.706,2.136231,-34.11865
1,-0.6865234,0.3748779,0.6561279,0.04626465,-0.1518555,0.2519531,0.104248,0.4924316,1.289185,-26.30615,-5.615234,-19.34814,12.93946,-22.46094,-13.67188,313.9038,-8.850097,-118.7744
1,-0.574585,0.1278076,-0.9588623,0.1119385,-0.2470703,-1.61499,0.1582031,-0.3989258,-1.363037,413.208,-67.50488,54.6875,439.5141,-61.88965,74.03564,452.4536,-84.35059,60.36377
1,-0.6014404,-0.1401367,1.002563,-0.02685547,-0.2679443,1.961426,0.08508301,-0.5150146,0.3464355,98.75488,-2.563476,-96.43554,-314.4531,64.94141,-151.123,125.061,3.051758,-77.08739
1,-0.6533203,-0.04052734,0.7912598,-0.05187988,0.09960938,-0.2113037,-0.07873535,-0.168335,1.750122,-7.385253,-7.629394,1.098633,-106.1401,-5.065918,97.53417,-420.5932,59.87549,-53.58886
1,-0.7108154,0.09973145,-0.5599365,-0.05749512,0.1402588,-1.351196,-0.109375,0.2398682,-1.5625,-280.4565,111.3281,-2.075195,-273.0713,118.9575,-3.173828,-379.2114,113.8916,94.36034
1,-0.6193848,0.2398682,-0.7178955,0.09143066,0.1401367,-0.157959,0.03393555,0.2803955,-1.509155,42.96875,13.79394,-7.202148,323.4253,-97.53417,-5.126953,50.354,21.42334,-8.300781
1,-0.5067139,-0.8596191,-0.4871826,0.1126709,-1.099487,0.2307129,0.2041016,-0.9593506,0.07275391,410.1562,-82.64159,24.16992,367.1875,-96.43554,31.37207,690.6128,-193.9697,26.24512
1,-0.8007813,0.1672363,0.4799805,-0.2940674,1.026855,0.9671631,-0.1813965,-0.07263184,1.197876,-22.09472,-1.525879,-17.7002,-432.2509,81.11572,-41.87012,-65.06347,-15.31982,-10.49805
1,-0.01147461,-0.01147461,1.025879,-0.01147461,-0.01147461,1.025879,-0.01147461,-0.01147461,1.025879,0.1220703,-0.2441406,-0.1831055,0.1220703,-0.2441406,-0.1831055,0.1220703,-0.2441406,-0.1831055
1,-0.3654785,1.075317,1.171631,-0.3540039,1.086792,0.145752,-0.3654785,1.075317,1.171631,-212.7075,114.5019,-194.0918,-212.8296,114.7461,-193.9087,-212.7075,114.5019,-194.0918
1,-0.5170898,-0.1220703,0.888916,-0.1516113,-1.197388,-0.2827148,-0.5056152,-0.1105957,-0.1369629,280.2124,-26.00097,-101.3794,492.9199,-140.5029,92.71239,280.0903,-25.75683,-101.1963
1,-0.6341553,-0.08312988,-0.8056641,-0.1170654,0.03894043,-1.69458,-0.2686768,-1.158447,-1.977295,-109.0088,34.91211,19.16504,-389.2212,60.91309,120.5444,103.6987,-79.58984,213.2568
1,-0.2407227,0.09216309,0.5123291,0.3934326,0.175293,1.317993,0.2763672,0.2142334,-0.3765869,-272.9492,-26.30615,0.9765624,-163.9404,-61.21826,-18.18848,-553.1616,-0.3051758,102.3559
1,-0.5561523,-0.01940918,0.8088379,-0.3154297,-0.1115723,0.2965088,0.07800293,0.0637207,1.614502,1.098633,-3.662109,5.249023,274.0479,22.64404,4.27246,110.1074,-38.57422,-13.91602
1,-0.4447021,0.9893799,0.4958496,0.1114502,1.008789,-0.3129883,-0.2039795,0.8972168,-0.01647949,421.936,-61.6455,44.18945,420.8374,-57.98339,38.94043,694.8853,-35.33936,43.21289
1,-0.7440186,-0.07946777,-0.671875,-0.2993164,-1.068848,-1.167725,-0.1878662,-0.06005859,-1.480713,-6.103515,2.01416,0.9765624,-428.0395,63.65966,-43.21289,-7.202148,5.67627,-4.27246
1,-0.6425781,0.7839355,-0.7467041,0.1014404,0.8634033,-0.0748291,-0.197876,-0.2054443,-1.242554,-363.6474,-1.464844,34.42383,-357.5439,-3.479004,33.44727,-785.5834,60.18066,-9.765621
1,-0.3615723,-0.4594727,0.8837891,0.2810059,-1.243408,1.630493,0.3824463,-0.3800049,1.555664,5.432128,-0.1220703,12.81738,369.0796,1.342773,-21.60645,11.53564,-2.13623,11.84082
1,-0.44104,-0.06945801,1.024292,-0.07946777,0.3900146,0.1405029,0.2015381,-0.8533936,1.770996,250.3052,-76.0498,6.835937,244.873,-75.92773,-5.981445,613.9526,-74.58496,-27.58789
1,-0.9521484,0.03747559,-0.9118652,-0.5111084,0.1069336,-1.936157,-0.5905762,0.4969482,-1.795654,10.25391,61.09619,-11.77978,-240.0513,137.146,-18.61572,4.821777,61.21826,-24.59717
1,-0.717041,0.005493164,-0.6268311,0.2351074,-0.03198242,0.2850342,-0.276001,0.07495117,-1.651123,6.04248,20.1416,-10.31494,-4.211425,-40.95459,1.464844,-244.2627,96.19141,-17.15088
1,-0.04821777,-0.4881592,-0.5582275,0.6688232,-0.4936523,0.06860352,0.9039307,-0.5256348,0.3536377,91.00341,-2.319336,-43.82324,84.96093,-22.46094,-33.5083,80.7495,-63.41552,-32.04345
1,0.08752441,0.8192139,0.4417725,0.1357422,1.307373,1,0.8045654,0.8137207,1.068604,190.5517,-22.15576,31.31103,99.54833,-19.83642,75.13427,184.5093,-42.29736,41.62597
1,-0.06896973,0.958374,0.6153564,-0.1564941,0.1391602,0.173584,-0.02075195,1.446533,1.173584,-87.58544,11.96289,-22.64404,-278.1372,34.11865,-53.95507,-178.5889,14.28223,21.1792
1,-0.07507324,-0.8786621,-1.312012,-0.006103516,-1.837036,-1.927368,-0.1625977,-1.697876,-1.753784,-217.9565,44.86084,-16.8457,-130.3711,32.89795,5.798338,-408.5083,67.01659,-48.15674
1,0.02648926,-0.4356689,-0.8793945,0.1015625,0.4429932,0.4326172,0.09545898,-1.394043,-1.494751,3.784179,-6.958007,2.01416,221.7407,-51.81884,18.85986,91.36962,-18.9209,24.6582
1,0.07592773,0.5684814,0.3762207,0.04943848,1.00415,1.255615,0.151001,1.447144,1.688232,372.8637,13.73291,-8.483887,369.0796,20.69092,-10.49805,590.8203,-31.12793,8.361816
1,-0.01513672,0.836792,0.5375977,-0.09106445,0.2683105,0.161377,-0.04162598,1.272461,1.416992,1.831055,9.338379,1.037598,-371.0327,-4.39453,9.521484,-1.953125,16.29639,-0.9765625
1,-0.03417969,-0.02282715,0.7132568,-0.01904297,-0.8596191,0.1756592,-0.1101074,-0.5913086,0.3370361,-498.2299,22.88818,-76.23291,-500.061,13.5498,-77.27051,-871.0937,9.155272,-67.74902
1,-0.09460449,-0.229248,-0.8782959,-0.0604248,-0.2064209,-1.591553,-0.07946777,-1.06604,-1.415894,-67.62695,4.150391,11.84082,430.603,-18.73779,88.07373,-69.45801,-5.187988,10.80322
1,-0.2734375,-0.333374,-0.7747803,-0.178833,-0.104126,0.1035156,-0.2392578,-0.3105469,-1.488037,164.2456,-181.7627,-65.55176,231.8725,-185.9131,-77.39258,662.4755,-204.6509,10.68115
1,-0.0637207,-0.8336182,0.7545166,0.2097168,-0.5002441,1.529297,0.03088379,-0.6043701,1.632813,0.06103515,-7.751464,-5.187988,-164.1846,174.0112,60.36377,67.68799,-11.90186,-17.02881
1,0.07324219,-0.5513916,0.8605957,0.1369629,0.2822266,0.1060791,0.3466797,-0.2180176,1.635376,-4.638672,2.990722,10.55908,-4.699707,10.74219,15.74707,-168.8843,184.7534,76.11084
1,-0.3172607,-0.7694092,-1.069214,-0.3905029,-0.2180176,-1.92981,-0.25354,0.06420898,-1.82373,-34.85107,80.01709,13.85498,-30.2124,77.02637,3.295898,-34.91211,87.76855,19.04297
1,0.446167,-0.6436768,-0.7583008,0.7634277,0.1257324,0.3109131,0.3729248,-0.09228516,-1.618896,18.06641,176.2695,52.97851,52.91748,96.25243,39.12353,22.70508,173.2788,42.41943
1,-0.2033691,-0.6970215,0.6403809,-0.6495361,-0.05334473,1.398682,0.1138916,0.0723877,1.709595,-12.45117,16.41846,-17.57813,-30.51758,-159.8511,-70.55664,22.3999,-63.59863,-31.43311
1,0.008789063,-0.6660156,0.7883301,0.2121582,0.03100586,0.1479492,-0.4373779,-0.02233887,1.546631,-7.93457,-20.26367,0.793457,4.516601,-36.68213,18.37158,-26.00098,-196.5332,-52.18505
1,0.2390137,-0.5217285,-0.6639404,0.2302246,0.1442871,-1.452271,0.4423828,0.175293,-1.304321,-82.21435,-271.0571,140.4419,-74.27978,-250.7935,139.6484,-69.76318,-287.4756,158.02
1,-0.7838135,0.1333008,-0.5959473,-1.022827,0.6550293,0.06799316,-0.7926025,0.7993164,-1.384277,-35.5835,-14.70947,30.88379,46.63085,256.3477,-109.5581,-27.64893,5.554198,30.09033
1,-0.1651611,-0.1463623,0.8057861,0.6186523,-0.2796631,1.401733,-0.4041748,0.3753662,1.469727,74.646,-141.9678,53.52783,110.2295,-127.2583,22.64404,156.8604,129.0894,-86.91406
1,1.035522,-0.1307373,0.1662598,1.200684,0.015625,-0.6395264,1.819336,-0.2640381,0.762207,-10.86426,16.78467,-17.15088,-85.51025,158.7524,-70.67871,24.71924,31.49414,-48.03467
1,0.9112549,-0.09765625,0.4952393,-0.1242676,0.03308105,0.3289795,1.076416,0.04870605,-0.3105469,-5.004883,22.09472,-39.36768,5.859374,5.310057,-22.2168,-79.65088,164.0625,-92.89551
1,-0.583252,-0.2961426,0.7336426,-1.494507,-0.1984863,0.2384033,-1.618774,-0.1654053,0.5673828,71.5332,512.3291,420.4101,76.53809,490.2344,459.7778,82.39746,495.5444,437.561
1,-0.6003418,0.04711914,-0.769165,-0.01708984,0.3432617,-1.502808,-1.511597,0.1447754,-1.264404,22.33887,31.67724,-5.737304,-49.19434,-480.6519,-426.1474,27.34375,9.58252,33.63037
1,0.1560059,-0.1187744,-0.9863281,0.7563477,-0.1658936,-0.2171631,0.7392578,0.1773682,-1.719971,-70.43457,588.1958,195.5566,-92.77344,556.5186,201.2939,-141.9678,75.8667,-224.8535
1,0.3063965,-0.09997559,0.9619141,0.1503906,0.01879883,1.948242,0.9067383,-0.1470947,1.731079,-14.83154,-4.943848,0.4882812,55.60303,-593.1396,-195.0683,-37.17041,-36.62109,6.225585
1,0.6975098,-0.01367188,0.6826172,0.3911133,0.08630371,-0.2792969,0.5415039,0.1051025,1.668945,54.6875,-130.3101,8.239746,69.51904,-125.3662,7.751465,125.1221,-718.5059,-187.3169
1,-1.044678,-0.3515625,-0.423584,-1.742188,-0.3378906,-1.106201,-1.351074,-0.2515869,-1.385498,-28.38135,-13.79394,-59.2041,-83.06884,116.5161,-67.44385,-13.5498,-8.850097,-59.69238
1,-0.7529297,-0.1174316,-0.5856934,0.291748,0.2341309,-0.1621094,-1.450439,-0.1037598,-1.268311,36.19385,9.277344,-9.338379,64.5752,23.07129,49.86572,-18.49365,139.5874,-17.57813
1,-0.7358398,-0.5174561,0.4041748,0.01708984,-0.4000244,0.9898682,0.3088379,-0.1658936,0.8277588,164.6728,123.1079,-84.10644,128.479,113.8306,-74.76806,193.0542,136.9018,-24.90234
1,-0.5465088,0.1021729,0.8839111,0.1893311,0.6196289,0.4797363,0.2064209,0.2196045,1.469604,-11.77978,4.455566,4.943848,-176.4526,-118.6523,89.05029,-47.97363,-4.821777,14.28223
1,-0.6148682,0.04528809,0.7397461,-0.06835938,-0.05688477,-0.144165,0.1209717,0.5627441,0.3355713,-31.55517,18.79883,17.21191,-19.77539,14.34326,12.26807,-196.228,-104.3091,101.3184
1,-0.5257568,-0.604126,0.3662109,0.08911133,-0.6494141,-0.3735352,0.02075195,-0.7062988,-0.5177002,-531.9824,-64.02588,-38.75732,-500.4272,-82.82471,-55.96924,-520.2026,-68.48145,-43.70117
1,-0.7280273,0.1000977,-0.7905273,-0.2022705,0.7042236,-1.156738,-0.1131592,0.05480957,-1.530273,41.5039,26.9165,-53.95507,573.4863,90.94238,-15.19775,73.05907,8.117674,-71.16699
1,-0.7061768,0.1000977,-0.916748,0.02185059,0,-0.1262207,-0.1804199,0.7042236,-1.282959,-95.45898,-85.14404,-2.380371,-136.9629,-112.0605,51.5747,436.5234,-21.11816,36.37695
1,-0.4854736,0.1490479,0.9538574,0.2207031,0.0489502,1.870605,0.2425537,0.0489502,1.744385,-96.43554,38.87939,-27.28271,-0.9765625,124.0234,-24.90234,-137.9394,11.96289,26.67236
1,-0.5303955,-0.009033203,0.855835,-0.04492188,-0.1580811,-0.09802246,0.1757813,-0.1091309,1.772583,14.46533,-2.13623,1.464844,110.9009,-41.01563,28.74756,109.9243,83.0078,3.845215
1,-0.3026123,0.4776611,-1.360962,0.2277832,0.4866943,-2.216797,0.1828613,0.3286133,-2.314819,714.2944,85.75439,-19.104,699.829,87.89062,-20.56885,810.7299,46.87499,8.178709
1,-0.6737061,-0.15979,-0.699585,-0.3710938,-0.6374512,0.661377,-0.1433105,-0.1507568,-1.55542,-10.55908,-2.441406,-2.746582,-724.8535,-88.19579,16.35742,-25.02441,-0.3051758,-4.211425
1,-0.6568604,-0.5336914,-0.2337646,0.0168457,-0.3739014,0.4658203,-0.354248,-1.011353,1.127197,680.1147,33.44727,-33.38623,690.6738,35.88867,-30.63965,-34.17969,-52.30712,-14.28223
1,-0.5749512,0.34375,0.7435303,0.08190918,0.8774414,0.9772949,0.09875488,0.50354,1.443115,-16.41846,-1.098633,0.9155272,-696.5331,-34.5459,34.30176,-5.859376,1.342773,3.662109
1,-0.7132568,-0.8530273,0.4434814,-0.1383057,-1.196777,-0.3000488,-0.05639648,-0.3193359,0.6772461,-252.0141,6.958007,84.77782,-235.5957,8.056641,83.8623,-932.1288,-26.48926,118.1641
1,-0.7602539,-0.1392822,-0.6807861,-0.04699707,0.7137451,-1.124268,-0.1853027,-0.4830322,-1.424316,-21.85058,4.760742,1.403808,230.1636,-2.197265,-83.37402,-5.432127,5.859375,0.4882812
1,-0.8664551,0.1191406,-0.8515625,-0.1062012,0.2584229,-0.1707764,-0.1531982,0.972168,-1.295044,10.68115,2.868652,10.37598,32.53173,-1.89209,8.972167,262.6953,-4.089355,-74.40185
1,0.6591797,-0.1314697,0.8161621,1.525635,-0.2506104,1.667725,1.419434,0.0078125,1.496948,89.23339,-200.8667,-79.89502,78.55224,-203.7353,-90.271,111.084,-205.6274,-81.29883
1,0.8425293,0.0324707,0.5999756,0.1833496,0.1639404,-0.2161865,1.708984,-0.08666992,1.451538,-1.098633,2.990722,-1.159668,-90.33202,203.8574,78.73535,-11.77978,0.1220703,-11.53564
1,0.1610107,0.06311035,0.9425049,-0.6815186,0.03063965,0.3425293,-0.4981689,0.1945801,0.1263428,62.13379,257.4463,1.647949,63.23242,254.4556,2.807617,-27.09961,458.313,81.54297
1,-0.4865723,-0.0435791,-1.044922,-0.647583,-0.1066895,-1.987427,-1.329102,-0.0760498,-1.644897,14.77051,-1.403808,-14.77051,-47.36328,-258.8501,-16.41846,15.86914,-4.394531,-13.61084
1,-0.2806396,0.003051758,-0.8365479,0.2059326,0.04663086,0.208374,-0.4416504,-0.06005859,-1.779053,-60.05859,53.58886,-3.662109,-74.82909,54.99267,11.1084,-122.1924,-203.8574,-5.310058
1,0.9720459,0.2590332,0.5030518,1.252686,0.2559814,1.3396,1.458618,0.3026123,1.547974,-36.43799,536.1938,46.08154,23.6206,482.605,49.74365,-51.2085,537.5977,60.85205
1,0.357666,-0.04431152,0.9694824,-0.6143799,-0.3033447,0.4664307,0.6383057,-0.04736328,1.80603,1.708984,-7.202148,-0.1831055,38.14697,-543.396,-46.26464,61.76757,-60.79101,3.479004
1,0.4486084,0.1403809,-0.7077637,0.09094238,0.1846924,-1.677246,-0.5234375,-0.1186523,-1.210815,80.7495,-456.1767,-94.36034,79.04052,-448.9746,-94.17724,117.1875,-992.3706,-140.4419
1,-0.8312988,0.1055908,-0.5322266,-1.279907,-0.03479004,0.1755371,-1.188965,0.1499023,-1.501709,40.40527,22.58301,-64.63623,-40.34423,478.7597,29.72411,38.69629,29.78515,-64.45313
1,-0.6700439,0.4129639,-0.6756592,0.1612549,0.307373,-0.1434326,-1.118652,0.272583,0.03210449,-148.1323,-28.07617,-66.40625,-188.5376,-50.65918,-1.77002,-228.8818,428.1006,27.95409
1,-0.6254883,0.8526611,1.023804,0.04455566,0.4396973,1.699463,0.2058105,0.7470703,1.55603,-40.2832,49.92675,-75.98877,107.8491,78.00292,-9.58252,-80.68847,27.34375,-11.35254
1,-0.5355225,-0.2719727,0.7818604,0.08996582,-1.124634,-0.2419434,0.1345215,-0.6849365,1.45752,-12.45117,-16.96777,2.380371,27.83203,-66.89453,78.36914,135.6812,11.1084,68.78662
1,-0.2231445,0.6806641,-0.07885742,0.3123779,0.9526367,-0.8607178,0.4023438,-0.1719971,-1.102661,567.5659,-115.4175,-64.02588,580.0171,-98.4497,-66.40625,607.8491,-165.3442,11.96289
1,-0.5483398,0.01867676,-0.7999268,-0.3251953,-0.6619873,-0.7210693,-0.01281738,0.2906494,-1.581787,20.1416,-5.554199,0.1831055,-547.4243,109.8633,64.20898,32.59277,11.41357,-2.197266
1,-0.571167,0.007202148,-0.7965088,-0.02282715,-0.01147461,0.003417969,-0.3480225,-0.6734619,-0.7176514,1.403808,-2.685547,-3.112793,-18.73779,2.868652,-3.295898,-566.1621,112.7319,60.91309
1,-0.5895996,0.1223145,-0.8168945,-0.01843262,0.1151123,-0.02038574,-0.04125977,0.1036377,-0.01696777,-100.2197,8.911133,-6.225585,-101.6235,11.59668,-3.112793,-120.3613,14.46533,-6.408691
1,-0.612915,0.06970215,0.791626,-0.02331543,-0.0526123,1.608521,-0.04174805,0.0625,1.588135,-172.9736,-60.11963,20.32471,-72.7539,-69.03076,26.55029,-174.3774,-57.43408,23.4375
1,-0.5402832,-0.04077148,0.8609619,0.07263184,-0.1104736,0.06933594,0.04931641,-0.1630859,1.677856,7.690429,-4.943848,3.295898,180.664,55.17578,-17.02881,107.9101,-13.85498,9.521483
1,-0.5625,0.543335,0.2402344,-0.0222168,0.5841064,-0.6207275,0.05041504,0.4736328,-0.5513916,378.0517,32.83691,-35.15625,370.3613,37.78076,-38.45215,551.0253,92.95654,-55.48096
1,-0.7088623,0.02746582,-0.7532959,-0.1463623,-0.5158691,-0.9935303,-0.1685791,0.0682373,-1.614258,46.69189,14.28223,-7.446289,-331.3598,-18.55469,27.70996,39.00146,19.22607,-10.74219
1,-0.6619873,-0.3820801,-0.4129639,0.046875,-0.4095459,0.340332,-0.0994873,-0.925415,-0.6531982,488.0371,11.23047,28.86963,441.3452,-3.051758,36.31591,109.9854,-21.60645,64.02588
1,-0.4676514,0.2851563,0.8138428,0.1943359,0.6672363,1.226807,0.2412109,0.2576904,1.567139,45.71533,1.647949,-13.85498,-442.3217,-9.582519,-42.72461,-0.9765625,-12.63428,-6.408691
1,-0.5424805,0.3029785,0.8624268,-0.0748291,0.01782227,0.04858398,0.1195068,0.6850586,1.275391,-18.06641,3.295898,-4.089355,-63.78173,1.647949,9.765624,-506.1035,-7.934569,-32.95898
1,-0.8056641,-0.2897949,-0.4984131,-0.2631836,-0.5927734,-1.36084,-0.3380127,-0.5749512,-1.312256,-40.4663,14.16016,-21.30127,-22.3999,10.86426,-17.21191,-86.18163,12.51221,-7.446288
1,-0.8127441,-0.177002,-0.6052246,-0.007080078,0.112793,-0.1068115,-0.2702637,-0.4799805,-1.467651,-55.66406,-7.873535,-14.09912,-15.19775,-22.03369,7.202147,-37.59765,-11.16943,-10.00976
1,-0.4276123,0.623291,-0.2581787,0.3851318,0.800293,0.3470459,0.3780518,0.9130859,0.2402344,-397.3388,113.2202,92.59032,-341.6748,121.0937,106.6894,-356.8725,99.06005,113.8916
1,-0.6643066,0.08178711,0.7695313,-0.2366943,-0.5415039,1.02771,0.1484375,0.2587891,1.374756,-2.807617,18.67676,1.342773,394.5312,-94.54345,-91.24755,52.85644,26.55029,15.44189
1,-0.699707,0.07397461,0.6987305,-0.03540039,-0.0078125,-0.07080078,-0.2720947,-0.5493164,0.9569092,-1.586914,-0.3662109,-7.141113,1.220703,-19.04297,-8.483886,395.7519,-113.5864,-99.73144
1,-0.7133789,0.28479,-0.6176758,-0.01367188,0.2108154,-1.316406,-0.04907227,0.2030029,-1.387207,33.56934,-13.85498,12.3291,35.15625,-13.48877,19.47021,36.37695,-32.53174,10.98633
1,-0.8205566,-0.5119629,-0.6296387,-0.1071777,-0.7967529,-0.01196289,-0.1208496,-0.5859375,-1.328369,169.7388,45.22705,-9.094238,136.1694,59.08203,-21.42334,171.3257,45.59326,-1.953125
1,-0.6330566,0.2078857,0.7047119,0.1875,0.7198486,1.334351,0.08032227,-0.0769043,1.322388,134.2163,-4.699707,18.06641,-35.52245,-49.92675,27.16064,100.647,9.155272,5.737306
1,-0.569458,0.1702881,0.8049316,0.06359863,-0.03759766,0.1002197,0.2510986,0.682251,1.43457,-228.8208,16.17432,15.68603,-363.0371,20.87402,-2.380372,-398.5595,-29.05273,24.78027
1,-0.9014893,0.02050781,-0.7426758,-0.3320313,-0.1497803,-1.547607,-0.2684326,-0.1873779,-1.447388,-55.78613,79.1626,-32.04346,173.0347,62.98828,-47.72949,-190.0024,83.8623,-50.10986
1,-0.6154785,0.322998,-0.6235352,0.2860107,0.3024902,0.1191406,-0.04602051,0.15271,-1.428467,-36.25488,-1.586914,-5.004883,19.53125,-80.74951,27.03857,192.5659,-17.76123,-20.69092
1,-0.7207031,0.06970215,0.7149658,-0.1052246,-0.2532959,1.338501,0.1807861,0.04919434,1.457642,-57.67822,8.178711,-2.746582,-21.42334,9.765625,2.258301,-1.89209,-70.98389,29.29688
1,-0.6425781,0.05859375,0.7614746,0.078125,-0.0111084,0.04650879,-0.02709961,-0.2644043,1.38501,-16.90674,-23.68164,6.652832,40.77148,-31.86035,9.399413,19.34814,-22.09472,11.65771
1,-0.6008301,0.4912109,0.6209717,0.04174805,0.4326172,-0.1405029,0.119873,0.4215088,-0.09399414,206.4819,-1.89209,-29.23584,223.3887,21.78955,-35.88867,264.1601,-10.0708,-26.48926
1,-1.002441,-0.4161377,-0.2694092,-0.4016113,-0.9073486,-0.8903809,-0.3598633,-0.4747314,-1.030884,220.9473,10.43701,-23.55957,14.46533,12.3291,5.67627,237.854,34.11865,-30.2124
1,-0.8895264,-0.4901123,0.348877,0.112915,-0.07397461,0.6182861,-0.2886963,-0.9813232,-0.2720947,166.1377,17.21191,-4.577637,-54.80957,6.774903,18.98193,-40.34424,19.104,24.6582
1,-0.5600586,0.3365479,0.7774658,0.3294678,0.8266602,0.4285889,0.4423828,0.7526855,1.046875,-36.9873,24.78027,-2.563476,-203.125,7.568357,2.01416,-257.9346,14.34326,20.99609
1,-0.3565674,0.5222168,0.94104,0.2034912,0.1856689,0.1635742,0.532959,1.012329,0.5921631,-30.39551,-61.34033,24.78027,6.591799,-86.1206,27.34375,-196.5332,-78.55225,29.35791
1,-0.5830078,-0.241333,-0.6385498,-0.2264404,-0.7635498,-1.57959,-0.02294922,-0.5778809,-1.416016,-19.65332,10.0708,22.3999,10.74219,71.41113,-2.380371,17.33398,-14.70947,24.96338
1,-0.6987305,0.1635742,-0.7504883,-0.1157227,0.4049072,-0.1119385,-0.3421631,-0.3586426,-1.691528,-88.3789,10.13183,61.15722,-68.72558,0.06103516,38.75732,-57.98339,71.47216,36.37695
1,-0.7141113,-0.0645752,0.7495117,-0.01538086,-0.2281494,1.5,-0.1311035,0.1767578,1.388062,-6.347656,17.57813,-5.615234,82.03124,7.44629,-66.77245,13.30566,7.507325,-28.01513
1,-0.7744141,0.3270264,-0.119873,-0.06030273,0.3916016,-0.8693848,-0.07568359,0.1634521,0.6306152,396.9726,4.089355,-106.7505,403.3203,-13.48877,-101.1352,485.3515,-6.04248,-167.9077
1,-0.6831055,0.01123047,-0.6206055,0.09130859,-0.3157959,-0.5007324,0.03100586,0.07580566,-1.370117,4.394531,22.15576,4.272461,-392.5781,18.0664,111.0229,10.74219,4.577635,9.887695
1,-0.7755127,-0.2349854,0.4174805,-0.09240723,-0.2462158,1.038086,-0.001098633,-0.5620117,0.5373535,350.2807,68.72559,69.51904,345.8862,46.56982,65.24658,-46.69189,64.63623,176.2695
1,-0.5447998,0.217041,0.7979736,0.2307129,0.4520264,0.3804932,0.1383057,0.2058105,1.418579,35.21729,-55.23681,3.112793,-315.0634,-123.9624,-66.40625,30.82275,-77.39257,-1.159668
1,-0.4359131,0.2783203,0.8343506,0.1088867,0.0612793,0.03637695,0.3395996,0.5133057,0.4168701,-286.6211,23.13232,2.929687,-321.8384,78.36913,-0.1831055,-636.9019,-45.59326,-66.58936
1,-0.5113525,-0.2412109,-0.5332031,-0.07543945,-0.5195313,-1.367554,0.03344727,-0.458252,-1.331177,-356.6284,111.0229,19.22607,-70.00729,87.89062,16.29639,-391.8457,166.2598,16.11328
1,-0.5762939,0.1425781,-0.8493652,-0.06494141,0.3837891,-0.3161621,-0.1403809,-0.1357422,-1.683716,-68.60352,-12.39014,-6.286621,288.0249,-123.4131,-25.5127,218.0176,-35.52246,-9.216308
1,-0.7027588,0.4006348,-0.7677002,-0.1264648,0.2580566,0.08166504,-0.1914063,0.6418457,-0.2344971,68.60352,48.52295,40.1001,137.207,60.91308,46.38672,425.2319,-62.5,20.87402
1,0.289917,0.06140137,0.9204102,0.9926758,-0.3392334,1.68811,0.8662109,-0.08117676,1.769775,-12.20703,-184.2651,-18.98193,-80.81055,-232.7881,-59.08203,56.39648,-171.875,-12.69531
1,0.8083496,0.08032227,0.9345703,0.5184326,0.0189209,0.01416016,1.511108,-0.3203125,1.702271,49.56054,161.0718,19.16504,61.76757,345.3369,38.14697,-19.04297,112.5488,-20.93506
1,-0.8186035,0.02648926,-0.7050781,-1.626953,-0.05383301,-1.639648,-1.108521,-0.03491211,-1.625488,-14.95361,34.97314,-9.643555,-64.51415,-126.0986,-28.80859,-2.746582,219.2383,9.338379
1,-0.4346924,-0.2268066,-0.7375488,0.3839111,-0.2532959,-0.0324707,-1.243042,-0.3071289,-1.672119,11.65771,6.225585,-54.8706,26.61133,-28.74756,-45.22705,-37.90283,-154.8462,-74.03564
1,0.3459473,-0.1644287,1.164551,0.7806396,0.06237793,1.9021,1.164551,-0.190918,1.869629,65.61279,193.7866,-24.41406,53.95508,187.561,30.45654,80.56641,158.8135,-14.77051
1,1.122314,0.01745605,0.2293701,0.7763672,0.1818848,-0.9351807,1.557007,0.2442627,0.9669189,-27.46582,-171.5698,22.3999,-93.07861,-365.3564,46.81396,-39.12353,-177.7954,77.2705
1,-0.5141602,0.2321777,-0.8122559,-1.636475,0.2147217,-1.041626,-0.8601074,0.3966064,-1.976807,-83.0078,-240.0513,-75.92773,-55.54198,-68.48145,-98.32764,-148.6206,-433.8379,-51.51367
1,-0.8173828,-0.02685547,-0.5184326,-0.3032227,-0.2590332,0.2938232,-1.939697,-0.04431152,-0.7478027,3.417969,-2.807617,9.277344,86.42577,237.2436,85.20508,30.88379,168.7622,-13.12256
1,-0.8537598,-0.2141113,-0.5222168,-0.03637695,-0.1872559,-0.00378418,-0.3395996,-0.4462891,0.2900391,432.312,-67.26074,-40.89355,428.894,-64.45313,-50.17089,515.3198,172.7905,35.03418
1,-0.6196289,-0.08935547,0.8734131,0.2341309,0.1247559,1.39563,0.1977539,-0.0625,1.391846,-4.394531,-11.90185,2.685547,-436.7065,55.35889,43.5791,-7.8125,-9.094237,-6.591797
1,-0.5294189,-0.06176758,0.6563721,0.09020996,0.02758789,-0.217041,0.3243408,0.1523438,1.178589,-288.9404,-23.6206,-5.004883,-284.5459,-11.71875,-7.69043,-721.2524,43.64014,35.88867
1,-0.602417,0.1342773,-0.5802002,-0.07299805,0.1960449,-1.236572,0.01721191,0.2236328,-1.453613,-158.1421,-52.18505,-13.67187,130.7983,-28.56445,-8.666991,-153.7476,-40.2832,-16.35742
1,-0.7635498,0.5372314,-0.5131836,-0.1611328,0.4029541,0.0670166,-0.2341309,0.598999,-1.169556,-66.95557,-23.37646,4.760742,91.18652,28.80859,18.43262,221.9849,0.2441406,9.765625