accel_X,accel_Y,accel_Z,gyro_X,gyro_Y,gyro_Z
-0.643,-0.024,-0.773,0.671,2.014,-1.038
-0.644,-0.019,-0.788,-2.869,1.648,-2.258
-0.64,0.008,-0.76,2.136,-4.395,-0.977
-0.674,0.003,-0.74,6.348,-1.526,-10.01
-0.691,-0.025,-0.762,4.333,0.122,0.854
-0.694,-0.013,-0.729,1.221,1.282,0.793
-0.706,0.003,-0.749,-8.057,-4.333,0.977
-0.703,-0.009,-0.726,5.31,-11.78,-2.441
-0.702,0.019,-0.694,-0.366,-9.46,-0.122
-0.711,-0.01,-0.699,0.61,-2.869,-1.709
-0.708,-0.01,-0.724,0.977,0.183,-1.526
-0.709,-0.002,-0.712,-0.488,0.061,-1.831
-0.69,-0.023,-0.697,9.949,3.906,-2.502
-0.712,-0.015,-0.712,-1.16,-1.77,-0.793
-0.7,-0.015,-0.68,0.977,1.831,-1.709
-0.708,-0.022,-0.71,1.709,-0.549,-1.343
-0.713,-0.029,-0.725,2.136,-1.038,-1.465
-0.711,-0.029,-0.717,2.869,-0.854,-1.953
-0.724,-0.034,-0.726,3.235,-3.54,-1.709
-0.704,-0.056,-0.715,-0.977,-1.77,-1.831
-0.712,-0.042,-0.713,-1.282,-0.732,-1.892
-0.719,-0.053,-0.711,-3.662,-0.977,-2.808
-0.689,-0.023,-0.7,-14.954,-27.039,0.61
-0.735,-0.04,-0.679,-3.845,2.747,-2.258
-0.735,-0.035,-0.69,-3.418,4.028,-0.916
-0.726,-0.029,-0.678,0.61,1.16,-2.014
-0.731,-0.036,-0.706,-0.122,1.282,-1.343
-0.735,-0.032,-0.713,1.831,2.625,-1.709
-0.716,-0.031,-0.697,-0.732,-0.366,-1.892
-0.729,-0.025,-0.703,-3.296,-0.977,-1.77
-0.722,-0.022,-0.708,0.0,0.916,-1.587
-0.743,-0.001,-0.728,2.197,0.122,-1.831
-0.724,-0.02,-0.709,-0.61,0.061,-1.648
-0.722,-0.024,-0.704,-0.122,-0.427,-1.709
-0.723,-0.018,-0.709,-1.465,0.671,-0.916
-0.722,-0.013,-0.701,-3.113,0.366,-1.343
-0.707,-0.044,-0.653,-1.953,-7.874,-1.221
-0.724,-0.023,-0.681,-3.174,-1.709,-0.305
-0.726,-0.05,-0.693,4.639,-8.24,-2.93
-0.731,-0.032,-0.685,0.793,-2.441,-1.282
-0.735,-0.042,-0.695,4.333,-1.587,-1.221
-0.74,-0.006,-0.736,-0.244,-4.517,-4.822
-0.727,-0.034,-0.684,0.732,2.808,-0.549
-0.718,-0.032,-0.667,1.953,1.404,-1.648
-0.703,-0.015,-0.711,-7.019,-9.949,1.221
-0.72,-0.033,-0.693,0.427,1.16,-1.16
-0.727,-0.028,-0.705,-0.732,-1.831,-1.77
-0.724,-0.025,-0.695,-2.258,0.916,-1.953
-0.7,-0.002,-0.708,5.493,2.625,-6.958
-0.718,-0.014,-0.697,3.967,-3.235,-0.977
-0.736,-0.028,-0.77,-6.592,2.808,1.404
-0.725,-0.027,-0.702,2.075,-0.122,-1.16
-0.767,-0.035,-0.787,12.573,14.465,-1.282
-0.735,-0.03,-0.707,0.61,1.221,-1.831
-0.752,-0.016,-0.787,-14.343,5.676,2.136
-0.734,-0.018,-0.693,1.282,0.732,-1.16
-0.761,-0.021,-0.742,-2.686,6.104,-1.587
-0.734,-0.021,-0.705,-1.282,-1.587,-1.953
-0.726,-0.023,-0.702,-1.648,3.845,-3.845
-0.725,-0.023,-0.709,-2.014,5.188,-0.671
-0.713,-0.039,-0.74,2.258,8.789,-1.221
-0.715,-0.01,-0.688,0.854,0.61,-1.709
-0.713,-0.023,-0.693,0.244,-2.258,-1.892
-0.726,-0.017,-0.694,1.953,-1.343,-1.16
-0.722,-0.014,-0.695,-1.343,1.343,-1.343
-0.723,-0.006,-0.695,0.488,3.052,-0.793
-0.727,0.022,-0.793,-5.188,2.502,-1.892
-0.697,-0.006,-0.71,-0.122,0.061,-1.648
-0.71,-0.006,-0.701,3.235,-2.563,-1.892
-0.743,-0.001,-0.758,-3.784,-3.601,0.427
-0.729,-0.003,-0.754,6.592,6.287,0.366
-0.719,-0.014,-0.691,-0.183,2.075,-1.282
-0.722,-0.013,-0.697,-0.122,-1.099,-1.831
-0.721,-0.009,-0.699,0.488,0.244,-1.587
-0.732,-0.01,-0.697,-0.427,-1.77,-1.709
-0.726,-0.011,-0.719,0.305,0.732,-2.197
-0.74,-0.007,-0.736,2.747,-1.953,-0.427
-0.73,-0.002,-0.729,-1.099,2.136,-2.319
-0.717,-0.019,-0.685,3.113,-3.418,-2.747
-0.713,-0.02,-0.7,-0.977,-2.136,-2.808
-0.713,-0.008,-0.697,0.977,-1.648,-2.075
-0.748,-0.016,-0.721,-3.174,-2.197,-1.892
-0.729,-0.007,-0.698,0.488,-1.709,-0.916
-0.732,-0.018,-0.694,0.122,0.0,-1.343
-0.73,-0.014,-0.699,0.61,-0.793,-1.892
-0.742,-0.016,-0.704,-0.061,-0.183,-1.465
-0.721,-0.028,-0.687,5.798,-6.042,-3.113
-0.722,-0.018,-0.692,-0.732,1.526,-2.258
-0.737,-0.014,-0.705,-0.854,0.732,-1.892
-0.729,-0.016,-0.709,-0.977,-1.404,-1.892
-0.715,-0.024,-0.7,-2.625,2.258,-2.808
-0.709,-0.019,-0.681,-1.831,-8.667,-1.221
-0.719,-0.022,-0.699,0.061,1.282,-2.136
-0.716,-0.025,-0.686,1.892,-4.456,-1.282
-0.726,-0.022,-0.696,0.488,-0.549,-1.465
-0.732,-0.015,-0.709,-1.282,-0.183,-1.77
-0.728,-0.015,-0.699,0.488,-0.549,-2.197
-0.721,-0.013,-0.704,-0.488,0.427,-1.77
-0.724,-0.022,-0.697,0.916,0.244,-1.526
-0.731,-0.019,-0.704,1.709,-2.136,-1.099
-0.726,-0.038,-0.708,-1.404,3.174,-1.526
-0.729,-0.029,-0.721,0.977,1.77,-1.343
-0.721,-0.007,-0.736,5.371,1.526,-2.747
-0.709,-0.016,-0.702,-2.625,-1.587,-0.183
-0.723,-0.001,-0.717,-1.831,1.465,-0.793
-0.751,-0.043,-0.714,8.057,-1.587,-3.174
-0.714,-0.02,-0.691,-3.54,-0.732,-1.282
-0.735,-0.018,-0.688,0.244,1.465,-1.099
-0.727,-0.016,-0.702,1.404,0.244,-2.319
-0.731,-0.019,-0.708,0.977,0.061,-1.587
-0.721,-0.022,-0.705,-0.732,0.366,-1.831
-0.703,-0.036,-0.625,10.193,-2.747,-3.174
-0.684,-0.011,-0.701,-6.104,-5.188,0.488
-0.706,-0.028,-0.678,-1.831,-0.61,-1.526
-0.712,-0.014,-0.683,1.465,-1.404,-2.38
-0.717,-0.014,-0.698,0.793,-2.075,-2.197
-0.725,-0.026,-0.703,-0.61,1.892,-0.732
-0.719,-0.017,-0.693,0.793,-2.075,-2.747
-0.727,-0.023,-0.702,-0.793,-0.183,-0.549
-0.739,-0.016,-0.737,4.333,4.089,-2.014
-0.726,-0.023,-0.724,0.183,-0.549,-1.404
-0.721,-0.028,-0.716,0.793,-1.343,-2.563
-0.707,-0.016,-0.682,-2.686,-3.235,-1.16
-0.721,-0.017,-0.705,1.099,0.61,-2.014
-0.718,-0.019,-0.697,-0.549,-0.183,-1.526
-0.716,-0.013,-0.711,-0.793,1.526,-1.282
-0.714,-0.005,-0.714,-1.16,2.686,-0.732
-0.726,-0.028,-0.72,-2.502,1.465,0.671
-0.698,-0.027,-0.704,-4.089,-0.854,2.014
-0.688,-0.027,-0.639,8.057,-3.784,-2.258
-0.731,0.0,-0.786,-9.277,7.69,2.808
-0.717,-0.009,-0.714,0.488,0.305,-1.343
-0.718,-0.006,-0.722,2.136,-0.305,-1.648
-0.723,-0.013,-0.715,1.343,-1.648,-1.709
-0.735,-0.016,-0.72,-6.287,0.305,-1.099
-0.722,-0.008,-0.716,-2.014,-1.77,-1.831
-0.715,-0.01,-0.719,1.221,1.709,-2.075
-0.717,-0.011,-0.702,-1.038,-0.793,-1.343
-0.711,-0.017,-0.698,-1.831,2.319,-0.793
-0.71,-0.014,-0.706,0.854,-0.977,-1.77
-0.711,-0.01,-0.723,0.977,1.404,-1.526
-0.722,-0.015,-0.717,3.174,0.122,-1.282
-0.724,-0.016,-0.704,1.038,-3.662,-1.099
-0.734,-0.03,-0.764,-0.732,1.831,-1.587
-0.699,-0.019,-0.708,-0.488,-1.587,-1.709
-0.712,-0.015,-0.711,-6.836,-2.258,-1.587
-0.7,-0.006,-0.732,1.404,1.16,-4.883
-0.718,-0.006,-0.703,-1.465,1.465,-0.916
-0.707,-0.019,-0.699,-1.099,-0.916,-1.099
-0.726,-0.007,-0.712,5.005,-0.977,-2.136
-0.711,-0.018,-0.721,-2.441,-2.075,-1.099
-0.722,-0.015,-0.712,0.122,-0.122,-1.892
-0.715,-0.023,-0.713,1.099,-1.16,-2.136
-0.71,-0.02,-0.71,-0.427,-1.099,-1.404
-0.703,-0.018,-0.715,1.709,-0.427,-1.892
-0.714,-0.018,-0.721,0.854,-3.113,-2.441
-0.714,-0.036,-0.724,-1.892,0.671,-0.427
-0.716,-0.028,-0.726,-0.061,-0.854,-1.77
-0.713,-0.024,-0.711,-1.526,-1.221,-1.526
-0.714,-0.025,-0.706,-6.409,-5.249,-0.427
-0.735,-0.017,-0.726,-1.892,0.183,-0.488
-0.75,-0.036,-0.74,11.78,3.845,-4.883
-0.731,-0.038,-0.725,-0.244,0.732,-1.099
-0.729,-0.024,-0.714,0.305,0.122,-1.221
-0.72,-0.026,-0.702,0.122,-0.305,-1.953
-0.71,-0.025,-0.702,0.732,-0.183,-1.648
-0.736,-0.024,-0.725,6.287,7.568,-2.991
-0.732,-0.033,-0.705,-1.587,-0.916,-2.441
-0.697,-0.046,-0.689,0.732,-6.226,-3.296
-0.724,-0.034,-0.686,0.61,0.732,-2.197
-0.73,-0.029,-0.701,0.549,-0.854,-1.526
-0.725,-0.034,-0.696,0.122,-1.282,-1.77
-0.726,-0.029,-0.702,0.366,-0.61,-1.404
-0.738,-0.022,-0.735,-3.174,0.244,-0.366
-0.722,-0.034,-0.693,-0.122,-0.549,-1.709
-0.708,-0.024,-0.654,1.831,0.366,-2.319
-0.723,-0.028,-0.69,0.244,-0.366,-1.16
-0.743,-0.052,-0.753,-2.747,-1.282,-2.502
-0.729,-0.028,-0.712,-0.488,-0.854,-1.77
-0.725,-0.026,-0.712,0.366,-1.77,-1.587
-0.742,-0.026,-0.719,0.122,-0.793,-0.549
-0.716,-0.042,-0.657,6.653,-3.235,-2.502
-0.728,-0.024,-0.699,-15.442,2.075,-0.854
-0.713,-0.025,-0.671,-0.244,-0.366,-2.625
-0.747,-0.021,-0.734,-1.465,5.005,-0.671
-0.757,-0.044,-0.781,2.869,0.732,-1.648
-0.729,-0.04,-0.689,-1.953,-0.61,-1.526
-0.729,-0.029,-0.715,0.854,0.244,-1.709
-0.719,-0.031,-0.712,0.061,0.061,-1.709
-0.719,-0.034,-0.709,0.061,0.061,-1.526
-0.715,-0.03,-0.702,-0.244,0.183,-1.953
-0.715,-0.028,-0.7,0.366,-1.099,-1.587
-0.708,-0.017,-0.684,-4.089,-6.226,-1.587
-0.711,-0.035,-0.701,-3.113,-1.587,-1.404
-0.717,-0.03,-0.69,-0.427,0.732,-1.648
-0.707,-0.025,-0.661,-0.732,-7.446,-1.892
-0.716,-0.031,-0.696,-0.366,3.052,-1.221
-0.733,-0.037,-0.711,-1.099,-0.366,-1.404
-0.688,-0.044,-0.678,1.77,-2.502,-2.869
-0.733,-0.035,-0.705,1.038,1.526,-0.61
-0.711,-0.036,-0.715,-2.014,0.183,-1.221
-0.7,-0.024,-0.661,1.831,-0.671,-2.625
-0.716,-0.023,-0.703,0.977,-0.305,-1.77
-0.716,-0.028,-0.707,0.183,-0.732,-1.648
-0.719,-0.026,-0.713,0.061,-1.343,-1.526
-0.724,-0.031,-0.699,2.319,0.183,-1.282
-0.74,-0.027,-0.76,5.92,3.113,-2.197
-0.726,-0.027,-0.722,-0.793,-0.183,-1.831
-0.715,-0.025,-0.675,3.418,-2.258,-2.136
-0.716,-0.027,-0.695,-3.113,0.305,-1.709
-0.719,-0.024,-0.71,-0.244,-1.831,-1.831
-0.717,-0.024,-0.701,1.892,-1.038,-2.136
-0.712,-0.037,-0.708,1.465,-1.587,-2.38
-0.717,-0.032,-0.708,1.038,-0.549,-1.831
-0.716,-0.026,-0.71,0.488,-0.549,-1.831
-0.717,-0.032,-0.716,0.366,-0.366,-1.343
-0.714,-0.029,-0.712,-0.244,-0.916,-1.587
-0.71,-0.027,-0.688,0.122,-2.869,-2.014
-0.719,-0.031,-0.705,-1.038,-0.916,-1.221
-0.721,-0.031,-0.694,-1.404,-2.319,-2.014
-0.722,-0.025,-0.682,-0.61,-1.343,-2.014
-0.723,-0.03,-0.699,0.549,-0.732,-1.343
-0.745,-0.021,-0.73,-4.211,-4.089,-1.831
-0.724,-0.018,-0.695,0.0,2.197,-1.221
-0.727,-0.025,-0.697,-1.709,-0.122,-1.587
-0.715,-0.027,-0.678,1.16,-1.221,-1.953
-0.716,-0.028,-0.686,-0.244,-0.122,-2.319
-0.712,-0.023,-0.694,1.099,0.183,-1.892
-0.721,-0.025,-0.708,0.671,-0.61,-1.648
-0.728,-0.023,-0.703,-0.549,0.244,-2.258
-0.713,-0.01,-0.689,2.563,-3.967,-2.502
-0.721,-0.019,-0.714,1.77,-1.587,-1.831
-0.722,-0.022,-0.707,0.366,-1.16,-2.319
-0.724,-0.019,-0.703,0.366,0.549,-1.343
-0.719,-0.026,-0.703,-0.488,0.549,-1.587
-0.712,-0.02,-0.679,1.953,-1.709,-1.526
-0.726,-0.026,-0.693,-0.122,0.732,-1.526
-0.72,-0.023,-0.694,0.549,-0.732,-1.709
-0.723,-0.025,-0.699,0.488,0.122,-1.587
-0.725,-0.023,-0.698,0.0,1.221,-1.892
-0.721,-0.021,-0.697,0.549,-0.732,-1.77
-0.723,-0.024,-0.7,1.282,-0.305,-1.587
-0.721,-0.025,-0.704,0.793,-0.977,-1.953
-0.72,-0.023,-0.692,0.183,-0.244,-1.587
-0.736,-0.025,-0.711,4.883,3.296,-2.808
-0.723,-0.027,-0.702,-1.099,0.061,-1.648
-0.743,-0.012,-0.72,-1.343,-1.709,-0.366
-0.734,-0.02,-0.697,0.244,0.61,-1.526
-0.732,-0.021,-0.701,-0.244,-0.488,-1.526
-0.734,-0.018,-0.699,0.916,-0.488,-1.282
-0.722,-0.021,-0.686,1.648,2.075,-2.258
-0.741,-0.016,-0.735,-0.732,4.517,-0.854
-0.727,-0.023,-0.708,0.488,-0.732,-1.709
-0.73,-0.025,-0.704,0.549,-0.793,-1.587
-0.727,-0.027,-0.691,1.709,0.671,-2.38
-0.743,-0.027,-0.735,-3.052,5.249,-0.793
-0.726,-0.033,-0.702,1.343,-1.77,-2.93
-0.726,-0.028,-0.698,0.549,1.892,-1.038
-0.719,-0.033,-0.693,1.892,-2.258,-2.319
-0.719,-0.038,-0.713,-1.099,-3.784,-1.099
-0.726,-0.039,-0.697,-0.854,-1.465,-1.587
-0.742,-0.023,-0.719,2.258,1.526,-0.916
-0.736,-0.036,-0.717,0.793,-0.854,-1.831
-0.732,-0.039,-0.701,1.953,0.488,-1.892
-0.726,-0.04,-0.707,0.183,-0.305,-1.526
-0.727,-0.035,-0.7,-0.305,0.061,-1.648
-0.717,-0.034,-0.712,0.366,1.099,-1.831
-0.733,-0.04,-0.736,0.427,0.854,-1.221
-0.711,-0.043,-0.684,-0.183,-0.488,-1.709
-0.718,-0.037,-0.703,-0.305,-0.061,-1.648
-0.717,-0.036,-0.691,0.61,0.61,-1.648
-0.729,-0.038,-0.724,-0.732,1.831,-2.075
-0.725,-0.029,-0.716,-0.977,-0.732,-1.526
-0.718,-0.033,-0.705,1.831,-0.61,-1.404
-0.723,-0.031,-0.712,-0.366,-0.122,-1.465
-0.727,-0.032,-0.711,-1.77,1.038,-1.404
-0.715,-0.036,-0.692,0.793,0.977,-1.221
-0.751,-0.042,-0.732,7.935,4.578,-3.113
-0.724,-0.037,-0.708,-0.793,-1.587,-1.77
-0.732,-0.033,-0.705,0.122,1.404,-1.404
-0.726,-0.044,-0.712,-1.709,-2.258,-0.916
-0.725,-0.034,-0.716,0.061,-0.122,-1.221
-0.723,-0.04,-0.707,0.854,0.0,-1.282
-0.72,-0.037,-0.692,-5.127,-3.662,-2.136
-0.719,-0.029,-0.699,0.61,-0.183,-1.16
-0.724,-0.04,-0.709,0.244,-0.427,-1.648
-0.72,-0.04,-0.71,0.488,-0.549,-1.892
-0.714,-0.041,-0.704,-0.427,-0.61,-2.197
-0.723,-0.041,-0.704,-1.648,-1.465,-1.526
-0.71,-0.049,-0.692,0.916,-1.465,-2.258
-0.748,-0.039,-0.714,5.615,5.493,-3.235
-0.729,-0.043,-0.698,0.122,0.122,-1.038
-0.723,-0.035,-0.725,-0.793,-0.61,-1.77
-0.73,-0.034,-0.712,-0.122,0.793,-1.709
-0.718,-0.037,-0.68,-0.244,-1.038,-1.831
-0.725,-0.042,-0.703,0.977,-0.549,-1.587
-0.725,-0.04,-0.701,1.587,0.122,-1.831
-0.722,-0.042,-0.703,2.136,0.732,-1.892
-0.714,-0.048,-0.716,1.099,1.16,-2.258
-0.728,-0.049,-0.7,-3.601,-7.629,0.244
-0.727,-0.038,-0.694,-0.061,-1.16,-1.648
-0.731,-0.037,-0.701,-0.61,-1.404,-2.075
-0.73,-0.039,-0.696,0.366,-0.488,-1.77
-0.724,-0.039,-0.696,0.732,-0.916,-2.014
-0.724,-0.045,-0.697,0.732,0.488,-1.587
-0.715,-0.044,-0.697,0.732,-1.038,-2.136
-0.723,-0.041,-0.707,-1.587,-1.038,-1.282
-0.723,-0.045,-0.7,-1.282,-0.732,-1.953
-0.719,-0.052,-0.68,-0.488,-0.366,-2.93
-0.714,-0.05,-0.691,0.732,-0.488,-2.014
-0.718,-0.051,-0.711,0.488,-2.563,-1.343
-0.739,-0.042,-0.719,-2.136,0.671,-2.258
-0.718,-0.039,-0.692,-2.319,0.488,-1.282
-0.722,-0.041,-0.696,1.221,1.099,-1.587
-0.725,-0.043,-0.701,-0.366,-0.854,-1.465
-0.723,-0.039,-0.691,0.183,-0.732,-1.77
-0.728,-0.042,-0.695,-0.549,-0.427,-1.648
-0.722,-0.037,-0.687,-0.061,-1.648,-1.77
-0.73,-0.04,-0.69,-0.366,1.831,-2.197
-0.731,-0.032,-0.694,-0.977,2.136,-1.16
-0.726,-0.04,-0.692,-0.488,-0.183,-2.014
-0.719,-0.041,-0.688,-0.488,-0.732,-1.892
-0.726,-0.035,-0.695,0.0,-2.808,-0.793
-0.735,-0.042,-0.691,-0.122,0.427,-1.709
-0.728,-0.045,-0.7,0.427,0.854,-2.38
-0.726,-0.044,-0.703,-0.244,0.183,-1.648
-0.724,-0.04,-0.703,-1.709,-0.854,-1.648
-0.72,-0.04,-0.684,-0.244,-1.16,-1.831
-0.725,-0.035,-0.703,0.366,-0.366,-1.892
-0.727,-0.035,-0.703,0.549,0.427,-1.77
-0.725,-0.035,-0.702,-3.54,-0.183,-0.488
-0.715,-0.029,-0.708,0.916,-1.099,-2.014
-0.718,-0.035,-0.711,0.916,-0.977,-2.014
-0.716,-0.035,-0.706,1.648,0.305,-2.075
-0.719,-0.034,-0.715,1.16,3.479,-1.526
-0.715,-0.043,-0.714,1.282,-2.869,-1.953
-0.712,-0.042,-0.714,-0.488,-1.221,-1.709
-0.715,-0.046,-0.707,-1.709,-5.371,-2.075
-0.714,-0.049,-0.72,2.991,-8.118,-4.333
-0.735,-0.041,-0.703,3.784,2.686,-4.639
-0.71,-0.068,-0.705,1.526,4.578,-2.258
-0.728,-0.053,-0.687,3.296,-1.587,-2.747
-0.717,-0.057,-0.709,-1.16,-2.075,-0.61
-0.721,-0.072,-0.732,6.775,-1.282,-0.61
-0.727,-0.066,-0.713,0.793,0.0,-4.578
-0.726,-0.06,-0.704,2.441,1.953,2.258
-0.709,-0.083,-0.717,-2.075,0.061,-0.977
-0.722,-0.06,-0.693,-3.235,0.793,-3.418
-0.718,-0.055,-0.712,-7.568,3.54,-2.686
-0.757,0.028,-0.726,-10.376,-10.437,2.686
-0.711,-0.072,-0.71,4.456,0.854,-1.526
-0.709,-0.052,-0.703,1.16,-2.014,-2.38
-0.734,-0.054,-0.724,-4.761,-2.319,-0.977
-0.707,-0.042,-0.692,-2.197,-2.075,-1.465
-0.699,-0.058,-0.688,3.235,-4.456,-3.052
-0.721,-0.05,-0.701,0.549,-0.732,-1.526
-0.724,-0.05,-0.71,0.0,0.122,-1.831
-0.722,-0.05,-0.709,-0.61,-0.977,-2.014
-0.714,-0.047,-0.703,0.122,-0.671,-1.404
-0.714,-0.051,-0.705,0.732,-0.305,-1.831
-0.75,-0.057,-0.751,8.972,9.399,-1.526
-0.714,-0.054,-0.715,-0.793,-0.916,-1.526
-0.72,-0.057,-0.706,-0.488,-2.502,-2.686
-0.719,-0.053,-0.714,0.366,1.404,-1.953
-0.723,-0.054,-0.712,1.343,0.0,-1.709
-0.715,-0.052,-0.69,-3.784,3.54,-0.671
-0.711,-0.033,-0.693,3.967,-5.31,-3.723
-0.716,-0.048,-0.697,-0.732,0.854,-1.16
-0.714,-0.05,-0.719,-4.395,-3.479,-1.099
-0.709,-0.047,-0.704,-1.16,-0.122,-1.038
-0.705,-0.055,-0.667,6.897,-2.38,-4.15
-0.716,-0.045,-0.713,0.854,0.366,-1.709
-0.708,-0.049,-0.712,1.526,-1.648,-2.014
-0.712,-0.044,-0.726,2.014,0.793,-1.709
-0.706,-0.041,-0.706,1.16,-1.465,-1.953
-0.71,-0.044,-0.709,0.549,-0.305,-1.526
-0.714,-0.045,-0.715,1.709,0.244,-2.014
-0.707,-0.049,-0.719,-0.061,-1.282,-1.465
-0.712,-0.045,-0.718,-0.61,-1.404,-1.587
-0.708,-0.045,-0.713,-0.488,0.305,-1.648
-0.71,-0.048,-0.705,0.061,-1.16,-2.075
-0.712,-0.046,-0.711,1.404,-0.916,-1.831
-0.717,-0.046,-0.715,1.343,-0.671,-1.648
-0.714,-0.047,-0.709,0.0,0.305,-1.343
-0.719,-0.049,-0.73,-2.258,-2.38,-1.038
-0.716,-0.046,-0.715,-1.038,-0.854,-1.465
-0.72,-0.047,-0.718,0.488,-0.549,-1.526
-0.712,-0.047,-0.715,2.014,-0.671,-1.892
-0.726,-0.053,-0.735,-1.343,-3.357,-2.014
-0.719,-0.047,-0.711,-0.916,-1.404,-1.709
-0.717,-0.046,-0.708,-0.366,-1.221,-1.526
-0.718,-0.05,-0.71,0.366,-0.916,-1.77
-0.716,-0.045,-0.703,-0.122,-0.427,-1.77
-0.716,-0.049,-0.712,0.488,0.0,-1.526
-0.716,-0.051,-0.708,0.122,-0.916,-1.709
-0.719,-0.047,-0.71,-0.305,0.0,-1.282
-0.713,-0.042,-0.694,0.916,-2.136,-2.319
-0.723,-0.045,-0.702,0.671,-1.465,-1.77
-0.723,-0.043,-0.684,-0.61,-0.427,-0.488
-0.725,-0.047,-0.694,-1.16,-0.305,-2.075
-0.721,-0.055,-0.676,-1.465,-2.136,-2.747
-0.712,-0.049,-0.687,0.671,0.366,-1.465
-0.7,-0.054,-0.676,0.793,1.648,-1.892
-0.713,-0.045,-0.697,-0.793,-4.517,-2.075
-0.713,-0.051,-0.713,1.221,-1.648,-2.014
-0.714,-0.053,-0.706,1.526,-1.953,-2.319
-0.714,-0.049,-0.661,-5.92,-9.216,-2.502
-0.708,-0.058,-0.697,0.061,2.136,1.465
-0.725,-0.045,-0.695,8.545,-4.639,-10.193
-0.714,-0.072,-0.693,-2.441,2.014,1.404
-0.715,-0.078,-0.711,1.953,-0.854,-4.395
-0.731,-0.07,-0.692,1.343,-0.366,-1.16
-0.705,-0.126,-0.739,0.854,9.583,3.357
-0.731,-0.08,-0.697,5.554,-2.319,-5.615
-0.735,-0.089,-0.708,-0.305,-1.526,1.282
-0.719,-0.111,-0.694,0.183,-0.732,-2.136
-0.732,-0.104,-0.681,-1.282,-0.305,-1.221
-0.739,-0.083,-0.676,1.282,-0.061,0.122
-0.716,-0.094,-0.687,-1.831,3.113,-0.671
-0.737,-0.085,-0.697,-3.296,-1.77,1.038
-0.692,-0.104,-0.632,7.446,-4.944,-4.089
-0.721,-0.076,-0.71,1.648,2.197,-1.221
-0.709,-0.075,-0.659,-20.63,-14.221,-1.099
-0.721,-0.065,-0.696,1.587,-1.831,-1.892
-0.732,-0.074,-0.698,-2.869,-1.16,-1.892
-0.725,-0.074,-0.68,-1.953,0.244,-0.061
-0.734,-0.065,-0.694,-0.671,-1.099,-0.793
-0.731,-0.068,-0.685,-1.099,-1.526,-1.648
-0.734,-0.065,-0.704,-1.587,-1.038,-0.61
-0.728,-0.062,-0.697,-0.854,0.61,-2.075
-0.733,-0.068,-0.696,-0.061,-1.099,-1.648
-0.714,-0.066,-0.69,-1.465,-7.935,-2.258
-0.726,-0.062,-0.691,-0.122,-1.282,-1.465
-0.73,-0.067,-0.69,0.793,-1.587,-2.075
-0.729,-0.067,-0.689,-0.671,-0.732,-1.587
-0.735,-0.063,-0.692,1.465,-1.221,-1.831
-0.736,-0.066,-0.685,0.061,-1.099,-2.014
-0.735,-0.063,-0.693,0.305,0.916,-1.282
-0.732,-0.064,-0.687,0.122,-1.648,-1.77
-0.75,-0.059,-0.732,7.385,6.47,-2.686
-0.735,-0.062,-0.7,-0.488,0.122,-1.099
-0.734,-0.065,-0.695,0.61,3.906,0.244
-0.736,-0.064,-0.705,1.343,-1.038,-1.648
-0.737,-0.064,-0.699,1.038,0.061,-2.136
-0.725,-0.052,-0.68,-2.136,4.211,-0.793
-0.737,-0.063,-0.7,-0.61,-1.16,-0.977
-0.732,-0.061,-0.696,0.61,-1.648,-1.709
-0.732,-0.06,-0.697,0.427,-0.061,-1.77
-0.721,-0.061,-0.694,-2.014,-5.859,-0.916
-0.733,-0.061,-0.698,0.183,-1.77,-1.099
-0.73,-0.062,-0.689,0.488,-1.16,-1.709
-0.732,-0.061,-0.695,-0.793,0.732,-1.404
-0.738,-0.052,-0.706,-2.441,2.319,-2.991
-0.737,-0.058,-0.716,1.648,-0.61,-1.465
-0.735,-0.06,-0.698,0.122,-0.854,-1.953
-0.724,-0.058,-0.679,-0.793,-5.676,-2.38
-0.736,-0.054,-0.693,-1.282,0.366,-1.099
-0.73,-0.061,-0.698,1.282,0.977,-2.197
-0.727,-0.056,-0.692,0.854,0.427,-2.014
-0.725,-0.059,-0.694,1.16,2.38,-2.258
-0.723,-0.065,-0.686,0.366,-1.587,-1.16
-0.727,-0.065,-0.704,0.427,-0.427,-0.793
-0.727,-0.064,-0.694,-1.343,-1.465,-1.343
-0.733,-0.065,-0.687,1.953,-0.244,-1.77
-0.726,-0.062,-0.68,-1.831,0.488,-1.892
-0.726,-0.058,-0.689,1.648,0.061,-0.549
-0.73,-0.056,-0.69,-3.235,4.761,-0.977
-0.722,-0.062,-0.69,3.601,0.183,-2.686
-0.73,-0.061,-0.686,0.977,-1.099,-2.136
-0.734,-0.058,-0.693,-0.427,-0.183,-1.587
-0.746,-0.06,-0.696,-0.122,-0.916,-1.343
-0.722,-0.065,-0.71,0.671,0.488,-2.014
-0.732,-0.056,-0.692,-0.183,-0.183,-1.465
-0.725,-0.057,-0.701,-1.221,-1.526,-1.465
-0.73,-0.052,-0.688,-0.427,-1.587,-1.892
-0.758,-0.06,-0.733,9.888,7.568,-2.869
-0.726,-0.063,-0.7,-0.061,1.099,-1.526
-0.706,-0.056,-0.756,0.549,-1.77,1.892
-0.74,-0.063,-0.707,0.305,-0.061,-1.343
-0.733,-0.062,-0.698,1.77,-0.916,-2.197
-0.74,-0.063,-0.701,-0.977,-0.122,-1.892
-0.728,-0.061,-0.684,-0.793,-1.77,-1.77
-0.721,-0.066,-0.686,-1.282,-6.836,-1.526
-0.736,-0.057,-0.69,-0.671,-2.136,-1.526
-0.724,-0.055,-0.66,-7.263,-4.028,-1.648
-0.736,-0.056,-0.684,1.465,-0.549,-2.258
-0.742,-0.059,-0.698,0.427,-0.61,-1.587
-0.734,-0.059,-0.693,0.122,-1.953,-2.258
-0.74,-0.056,-0.689,-1.587,-0.305,-1.282
-0.731,-0.062,-0.676,0.0,1.343,-1.77
-0.741,-0.051,-0.695,0.061,-0.793,-1.77
-0.731,-0.057,-0.695,0.366,-1.16,-1.892
-0.734,-0.057,-0.7,-0.183,-0.61,-1.587
-0.737,-0.058,-0.7,0.244,0.183,-1.587
-0.738,-0.063,-0.694,0.854,-1.038,-1.77
-0.735,-0.058,-0.69,-0.549,-0.61,-1.77
-0.735,-0.057,-0.69,0.061,-0.793,-1.831
-0.74,-0.065,-0.708,-2.014,-2.563,-1.099
-0.74,-0.057,-0.691,1.099,-1.648,-1.831
-0.726,-0.07,-0.692,-5.981,-8.179,-0.732
-0.739,-0.05,-0.687,0.61,0.0,-1.953
-0.742,-0.056,-0.696,-1.221,0.793,-1.16
-0.729,-0.046,-0.693,6.653,-5.371,-5.432
-0.73,-0.063,-0.687,-0.061,-1.038,-1.343
-0.764,-0.055,-0.718,8.545,8.423,-2.869
-0.741,-0.065,-0.714,1.892,1.099,-1.77
-0.736,-0.063,-0.69,0.305,-0.061,-1.526
-0.743,-0.059,-0.69,-0.549,-1.282,-1.648
-0.74,-0.058,-0.687,-0.183,-1.038,-0.854
-0.732,-0.08,-0.656,-0.061,0.488,-1.038
-0.739,-0.061,-0.685,-0.977,-0.183,-0.671
-0.716,-0.054,-0.678,-5.554,-7.202,-2.38
-0.742,-0.058,-0.688,1.282,-1.16,-1.892
-0.728,-0.075,-0.663,1.343,1.282,-1.465
-0.735,-0.066,-0.682,2.258,0.061,-1.099
-0.725,-0.074,-0.694,1.77,0.977,-2.808
-0.733,-0.073,-0.701,-1.953,0.122,-0.61
-0.723,-0.065,-0.698,1.526,1.648,-2.014
-0.743,-0.083,-0.699,1.831,-1.221,-1.404
-0.753,-0.061,-0.735,9.033,9.521,-3.235
-0.728,-0.067,-0.692,-0.305,-1.099,-2.136
-0.719,-0.077,-0.701,0.122,-6.958,-1.465
-0.745,-0.069,-0.714,-2.563,0.549,-0.793
-0.736,-0.058,-0.675,-1.892,-2.014,-2.136
-0.74,-0.057,-0.687,0.0,-0.183,-1.587
-0.746,-0.065,-0.703,1.526,0.427,-1.404
-0.736,-0.071,-0.69,0.244,-0.305,-1.77
-0.741,-0.065,-0.696,-1.16,-0.671,-1.282
-0.734,-0.061,-0.684,0.732,0.549,-1.709
-0.729,-0.062,-0.693,-0.305,-1.099,-1.77
-0.749,-0.051,-0.748,10.498,9.338,-2.747
-0.73,-0.076,-0.705,-1.892,-2.808,-1.221
-0.737,-0.06,-0.692,-1.282,0.061,-1.343
-0.721,-0.059,-0.665,2.441,-2.563,-2.197
-0.74,-0.056,-0.703,-0.793,1.343,-1.831
-0.735,-0.064,-0.689,-0.916,-1.221,-1.221
-0.716,-0.064,-0.663,-7.385,-5.31,-2.014
-0.742,-0.062,-0.699,1.282,-0.366,-2.075
-0.735,-0.059,-0.691,0.366,0.244,-1.587
-0.741,-0.063,-0.7,-0.549,-0.427,-1.038
-0.739,-0.062,-0.683,-0.366,-0.427,-1.77
-0.737,-0.062,-0.688,1.221,-0.305,-1.77
-0.736,-0.064,-0.687,-0.061,-0.549,-1.709
-0.735,-0.069,-0.688,0.305,-0.366,-1.77
-0.734,-0.064,-0.685,-0.671,-0.488,-1.526
-0.732,-0.068,-0.694,-2.93,-5.127,-0.61
-0.739,-0.072,-0.692,-0.183,-1.038,-1.953
-0.716,-0.064,-0.648,1.343,-4.211,-5.676
-0.757,-0.078,-0.705,6.958,10.925,-0.854
-0.75,-0.071,-0.741,0.488,3.357,-3.235
-0.755,-0.06,-0.567,-6.775,-4.15,-3.418
-0.731,-0.059,-0.661,0.61,2.808,-1.587
-0.741,-0.071,-0.691,3.479,1.099,-1.099
-0.742,-0.035,-0.742,2.869,-4.456,-2.747
-0.754,-0.054,-0.702,-1.404,4.578,-3.418
-0.724,-0.063,-0.685,2.502,-0.916,-2.502
-0.737,-0.053,-0.698,3.235,-1.465,-0.854
-0.72,-0.054,-0.738,2.502,2.502,0.244
-0.73,-0.073,-0.697,0.061,0.488,-1.16
-0.732,-0.068,-0.689,0.793,-0.671,-1.404
-0.734,-0.076,-0.712,1.221,1.648,-1.831
-0.741,-0.067,-0.691,-0.061,0.183,-0.671
-0.739,-0.061,-0.683,-0.061,-1.587,-1.282
-0.732,-0.061,-0.686,-1.404,0.061,-1.648
-0.723,-0.057,-0.704,1.953,2.686,-0.549
-0.739,-0.069,-0.697,0.244,0.671,-0.427
-0.739,-0.065,-0.694,-0.122,-0.488,-1.404
-0.738,-0.064,-0.69,0.793,0.61,-1.526
-0.737,-0.064,-0.686,-1.099,1.404,-1.526
-0.737,-0.063,-0.695,-0.427,-0.671,-1.648
-0.741,-0.055,-0.626,-5.188,-3.296,-2.136
-0.735,-0.062,-0.676,2.93,2.075,-1.404
-0.733,-0.069,-0.675,0.0,-2.869,-2.563
-0.735,-0.061,-0.67,-0.549,-1.343,-2.014
-0.737,-0.057,-0.686,-0.549,-2.075,-1.892
-0.731,-0.06,-0.679,-0.549,-0.793,-2.075
-0.743,-0.061,-0.685,-0.549,-0.671,-1.709
-0.732,-0.054,-0.691,-0.122,2.075,-2.258
-0.724,-0.058,-0.675,-0.244,-0.427,-1.831
-0.731,-0.056,-0.658,-5.92,-5.005,-1.587
-0.737,-0.059,-0.698,1.282,-0.061,-1.221
-0.733,-0.057,-0.689,0.793,0.061,-1.709
-0.728,-0.056,-0.688,0.854,-0.122,-1.953
-0.742,-0.065,-0.696,1.16,-0.488,-1.648
-0.74,-0.05,-0.693,0.671,1.404,-1.465
-0.737,-0.061,-0.701,1.221,-0.488,-1.831
-0.736,-0.058,-0.691,-1.465,-1.16,-1.465
-0.729,-0.057,-0.67,-0.122,-0.793,-1.648
-0.737,-0.06,-0.673,-0.854,-0.183,-1.77
-0.727,-0.056,-0.663,-0.122,-2.686,-1.831
-0.739,-0.057,-0.681,-0.305,-0.977,-1.709
-0.748,-0.047,-0.699,3.906,2.38,-2.441
-0.746,-0.066,-0.683,0.549,1.16,-1.709
-0.723,-0.047,-0.678,5.066,-0.427,-4.211
-0.743,-0.064,-0.699,-0.549,1.038,-1.16
-0.752,-0.064,-0.718,3.54,4.944,-1.77
-0.73,-0.055,-0.725,1.526,1.465,-1.282
-0.727,-0.074,-0.694,2.869,0.793,-2.075
-0.704,-0.073,-0.674,-5.92,-6.287,-0.61
-0.742,-0.057,-0.691,2.258,1.892,-1.892
-0.539,-0.084,-0.842,-1.953,2.441,-1.526
-0.535,-0.08,-0.85,-3.052,2.747,1.221
-0.553,-0.051,-0.825,-5.249,-10.132,2.014
-0.556,-0.035,-0.821,0.183,-6.653,-10.864
-0.561,-0.055,-0.874,-4.028,-9.949,0.916
-0.598,-0.045,-0.772,18.86,2.869,-7.385
-0.574,-0.031,-0.844,3.357,1.465,-2.136
-0.568,-0.047,-0.796,3.601,2.075,-2.319
-0.582,-0.029,-0.861,-0.732,-0.854,-1.221
-0.589,-0.04,-0.843,6.226,3.296,-2.441
-0.556,-0.04,-0.789,-6.348,-6.165,1.953
-0.577,-0.052,-0.813,-2.014,0.732,-1.343
-0.586,-0.055,-0.777,4.944,-3.357,-1.953
-0.557,-0.053,-0.786,-4.333,-3.052,-1.343
-0.578,-0.061,-0.796,-5.615,-2.808,-2.747
-0.575,-0.057,-0.823,3.479,-6.897,-4.272
-0.596,-0.026,-0.839,-3.723,-7.324,-2.93
-0.602,-0.044,-0.891,-6.287,9.583,-2.686
-0.573,-0.06,-0.801,-1.587,1.892,-0.671
-0.579,-0.059,-0.81,-0.305,-1.038,-2.441
-0.59,-0.056,-0.82,-0.854,-1.892,-1.343
-0.584,-0.054,-0.791,0.061,-2.441,-3.418
-0.589,-0.052,-0.808,-0.488,1.16,-0.793
-0.583,-0.054,-0.81,1.16,-0.854,-1.831
-0.603,-0.058,-0.836,4.089,4.578,-1.77
-0.584,-0.056,-0.816,0.0,0.061,-1.709
-0.586,-0.06,-0.814,0.366,-2.319,-1.953
-0.591,-0.059,-0.818,-1.343,-0.488,-1.831
-0.59,-0.063,-0.814,0.549,-2.136,-1.831
-0.591,-0.057,-0.812,-0.549,-0.977,-2.319
-0.583,-0.071,-0.78,3.662,-10.315,-6.226
-0.606,-0.036,-0.827,-4.456,1.831,0.977
-0.591,-0.057,-0.811,1.343,1.709,-1.587
-0.588,-0.051,-0.792,0.916,2.991,-1.77
-0.586,-0.052,-0.775,-1.526,-5.798,0.427
-0.592,-0.063,-0.809,2.075,1.77,-2.014
-0.593,-0.062,-0.809,0.732,-0.488,-1.953
-0.584,-0.066,-0.815,-0.671,-7.324,-1.892
-0.583,-0.054,-0.773,-4.517,-6.165,-1.343
-0.588,-0.069,-0.826,0.366,-0.244,-1.587
-0.587,-0.055,-0.801,0.488,-3.601,-0.916
-0.594,-0.053,-0.821,0.732,-0.977,-1.648
-0.6,-0.06,-0.819,0.854,-0.549,-1.77
-0.582,-0.065,-0.799,-0.183,-1.587,-1.038
-0.586,-0.06,-0.807,0.61,-1.282,-1.892
-0.586,-0.071,-0.795,0.549,-3.174,-0.732
-0.622,-0.041,-0.866,4.089,5.92,-1.343
-0.604,-0.068,-0.837,-5.188,-1.16,-0.183
-0.603,-0.075,-0.823,4.028,9.094,-2.441
-0.599,-0.067,-0.814,0.061,0.916,-1.343
-0.597,-0.068,-0.814,0.122,0.671,-1.282
-0.593,-0.075,-0.806,3.418,0.671,-1.892
-0.591,-0.078,-0.811,0.244,0.854,-1.892
-0.585,-0.065,-0.825,2.502,-1.16,-2.686
-0.575,-0.09,-0.806,-9.216,-6.836,-1.77
-0.598,-0.083,-0.808,0.0,2.014,-1.221
-0.6,-0.071,-0.839,-0.305,1.343,-2.014
-0.579,-0.077,-0.829,-4.089,12.634,-0.305
-0.587,-0.1,-0.801,0.61,0.488,-1.648
-0.585,-0.079,-0.79,1.343,-6.897,-2.686
-0.588,-0.079,-0.802,-2.747,7.08,1.343
-0.571,-0.072,-0.797,-11.108,5.493,2.075
-0.567,-0.064,-0.741,3.479,-10.071,-4.761
-0.57,-0.065,-0.779,-1.953,-2.625,-2.014
-0.584,-0.068,-0.822,3.235,0.366,-1.343
-0.606,-0.061,-0.863,-4.761,3.723,0.366
-0.588,-0.066,-0.777,-1.587,-4.028,-0.854
-0.593,-0.082,-0.76,-4.578,-1.831,-1.77
-0.595,-0.082,-0.807,-1.16,0.732,-1.77
-0.587,-0.077,-0.803,0.122,0.366,-1.343
-0.59,-0.07,-0.812,-2.38,1.465,-0.977
-0.588,-0.067,-0.812,-1.221,1.038,-2.258
-0.564,-0.064,-0.799,0.122,-3.418,-3.479
-0.598,-0.047,-0.772,-7.446,-6.592,0.366
-0.585,-0.063,-0.813,-0.183,-3.54,-3.113
-0.583,-0.068,-0.792,-0.427,-1.099,-1.587
-0.591,-0.065,-0.813,0.305,-2.319,-1.77
-0.596,-0.066,-0.808,2.319,-0.183,-1.892
-0.577,-0.076,-0.801,0.977,0.183,-1.709
-0.588,-0.076,-0.815,1.709,-3.967,-2.258
-0.595,-0.071,-0.808,-0.549,-1.526,-1.77
-0.592,-0.061,-0.763,-6.531,-6.287,-1.282
-0.621,-0.064,-0.863,7.507,5.188,-2.136
-0.585,-0.074,-0.792,-5.798,1.831,-0.488
-0.593,-0.088,-0.775,1.77,0.549,-2.686
-0.603,-0.087,-0.774,1.282,-4.578,-2.197
-0.604,-0.072,-0.795,0.122,-1.221,-1.343
-0.607,-0.075,-0.794,0.732,-0.61,-1.892
-0.615,-0.083,-0.814,2.991,-3.235,-3.662
-0.61,-0.063,-0.79,1.465,3.418,-0.122
-0.583,-0.068,-0.803,-6.653,-7.08,-0.549
-0.596,-0.075,-0.777,0.305,-2.38,-1.526
-0.601,-0.07,-0.793,-1.221,2.869,-0.427
-0.6,-0.077,-0.777,0.061,1.526,-0.793
-0.603,-0.075,-0.791,2.258,-1.221,-1.465
-0.617,-0.072,-0.81,4.578,-5.615,-2.136
-0.609,-0.074,-0.789,-1.282,-2.808,-1.831
-0.61,-0.082,-0.8,-0.183,-0.122,-1.709
-0.604,-0.083,-0.803,2.197,2.136,-1.831
-0.595,-0.088,-0.806,1.465,-0.183,-1.709
-0.585,-0.088,-0.824,1.526,-0.427,-4.272
-0.584,-0.099,-0.797,-0.122,-0.122,-2.075
-0.591,-0.098,-0.798,0.122,-2.869,-1.526
-0.594,-0.088,-0.802,0.183,0.916,-1.404
-0.594,-0.094,-0.806,0.488,-1.77,-1.892
-0.582,-0.097,-0.8,-8.911,-11.963,-1.099
-0.598,-0.097,-0.803,-1.038,-0.305,-1.648
-0.615,-0.093,-0.777,1.404,-3.174,-1.831
-0.615,-0.091,-0.83,3.113,3.845,-0.732
-0.611,-0.083,-0.795,-1.16,-2.808,-2.136
-0.62,-0.099,-0.786,1.282,3.845,-0.488
-0.619,-0.083,-0.806,0.671,0.0,-1.831
-0.593,-0.085,-0.851,5.127,7.202,-2.075
-0.632,-0.083,-0.841,-4.272,1.892,-0.183
-0.632,-0.083,-0.841,4.211,10.315,-2.197
-0.616,-0.085,-0.809,-0.366,-1.16,-1.648
-0.63,-0.077,-0.831,5.554,0.916,-1.526
-0.606,-0.085,-0.799,-1.16,0.61,-1.099
-0.607,-0.084,-0.786,-1.77,1.282,-1.221
-0.603,-0.088,-0.785,-0.916,0.366,-1.953
-0.602,-0.074,-0.775,0.61,-0.427,-0.732
-0.627,-0.081,-0.829,3.052,-1.282,-0.854
-0.596,-0.085,-0.798,2.93,-1.526,-2.747
-0.594,-0.084,-0.844,0.305,-2.747,-0.427
-0.616,-0.084,-0.788,0.549,-1.648,-1.648
-0.597,-0.096,-0.774,-0.61,-0.977,-1.16
-0.601,-0.099,-0.728,1.16,-0.061,-1.709
-0.613,-0.08,-0.836,-1.465,0.977,1.16
-0.62,-0.102,-0.779,-0.244,-0.488,-1.282
-0.635,-0.084,-0.724,-3.052,-3.723,-2.014
-0.617,-0.094,-0.77,-2.441,-0.671,-1.343
-0.62,-0.087,-0.847,3.845,12.268,0.305
-0.616,-0.093,-0.79,-1.648,-3.906,-0.977
-0.621,-0.083,-0.78,-1.892,0.183,-0.977
-0.596,-0.092,-0.746,3.052,-0.916,-3.174
-0.62,-0.094,-0.791,5.249,-5.493,-3.235
-0.611,-0.094,-0.767,2.38,-1.221,-2.075
-0.612,-0.095,-0.773,-0.244,-3.601,-2.441
-0.62,-0.091,-0.78,-0.427,-2.136,-1.709
-0.61,-0.093,-0.769,0.916,2.502,-1.282
-0.621,-0.088,-0.792,0.732,-0.732,-2.136
-0.615,-0.087,-0.776,-0.916,-5.371,-0.854
-0.619,-0.09,-0.774,0.427,-5.737,-2.197
-0.635,-0.123,-0.775,2.197,1.343,-3.662
-0.635,-0.108,-0.703,-2.625,-2.808,-1.77
-0.615,-0.096,-0.764,-0.793,-0.061,-1.526
-0.626,-0.103,-0.772,2.38,3.235,-1.526
-0.619,-0.102,-0.773,-0.916,-2.136,-1.343
-0.624,-0.096,-0.789,0.305,-0.244,-1.77
-0.623,-0.094,-0.782,0.793,-0.854,-1.526
-0.651,-0.081,-0.83,7.263,5.92,-0.916
-0.622,-0.094,-0.798,0.793,0.183,-1.77
-0.622,-0.094,-0.794,1.404,-1.343,-1.648
-0.628,-0.093,-0.792,-0.183,-1.404,-1.831
-0.625,-0.102,-0.779,-1.282,-0.122,-1.709
-0.609,-0.092,-0.77,2.808,3.235,-1.831
-0.624,-0.097,-0.779,-0.366,-0.549,-1.587
-0.627,-0.096,-0.776,-0.366,-0.366,-1.709
-0.624,-0.094,-0.778,-0.061,-1.404,-1.648
-0.639,-0.099,-0.773,-3.723,0.427,-0.488
-0.627,-0.101,-0.778,1.404,0.0,-2.197
-0.614,-0.105,-0.757,-1.282,-0.244,-1.343
-0.623,-0.098,-0.779,0.366,-0.488,-1.831
-0.623,-0.1,-0.783,0.366,-0.061,-1.404
-0.615,-0.096,-0.771,-1.587,0.061,-1.648
-0.617,-0.099,-0.782,-0.732,-0.366,-1.953
-0.627,-0.111,-0.767,9.277,-2.136,-2.808
-0.643,-0.089,-0.823,3.235,-0.244,-0.671
-0.628,-0.089,-0.801,0.183,-2.075,-1.77
-0.645,-0.089,-0.839,6.592,7.507,-2.747
-0.63,-0.09,-0.794,-1.16,1.099,-1.648
-0.616,-0.091,-0.769,2.502,0.977,-1.587
-0.649,-0.073,-0.853,6.042,7.69,-2.014
-0.626,-0.076,-0.785,-1.404,0.488,-1.831
-0.612,-0.096,-0.76,1.892,-1.038,-2.197
-0.622,-0.093,-0.785,-1.221,-0.732,-1.465
-0.602,-0.096,-0.753,2.808,0.793,-4.089
-0.614,-0.093,-0.776,-1.221,-0.366,-1.16
-0.609,-0.089,-0.769,-0.549,-1.77,-1.709
-0.623,-0.079,-0.793,-0.854,-0.366,-1.221
-0.614,-0.076,-0.789,-2.014,-0.671,-3.174
-0.592,-0.105,-0.764,2.441,-3.662,-3.418
-0.604,-0.096,-0.795,6.592,-1.404,-2.686
-0.601,-0.102,-0.789,-2.075,-4.456,-1.648
-0.615,-0.092,-0.795,2.808,-1.221,-1.709
-0.666,-0.098,-0.821,13.184,19.043,-0.916
-0.607,-0.107,-0.788,0.793,4.7,-2.136
-0.599,-0.101,-0.729,-5.554,-0.61,-1.77
-0.608,-0.109,-0.783,-1.831,-1.648,-1.465
-0.605,-0.106,-0.786,1.953,-1.77,-1.587
-0.635,-0.099,-0.802,4.761,3.113,-1.038
-0.617,-0.1,-0.804,0.122,-1.587,-1.587
-0.611,-0.108,-0.793,-0.793,-3.235,-2.136
-0.621,-0.094,-0.823,-8.057,2.136,0.0
-0.62,-0.1,-0.804,3.601,3.479,-1.465
-0.614,-0.09,-0.8,-1.587,1.16,-0.793
-0.625,-0.078,-0.856,-2.869,6.714,-0.061
-0.597,-0.095,-0.789,0.793,-2.502,-2.014
-0.606,-0.094,-0.801,0.732,-0.793,-1.465
-0.607,-0.087,-0.801,1.77,-1.16,-1.831
-0.599,-0.084,-0.679,-26.245,-15.808,-1.221
-0.629,-0.066,-0.885,-7.385,8.972,0.549
-0.586,-0.077,-0.786,1.953,-5.615,-2.808
-0.624,-0.078,-0.807,9.155,2.686,-2.625
-0.63,-0.067,-0.849,10.62,6.348,-2.808
-0.628,-0.069,-0.835,-0.793,5.432,0.366
-0.602,-0.089,-0.798,-0.366,0.0,-1.465
-0.606,-0.06,-0.782,-3.052,-5.676,-1.038
-0.581,-0.069,-0.819,1.343,-3.723,-2.38
-0.59,-0.071,-0.803,2.869,-2.441,-3.296
-0.58,-0.095,-0.767,5.493,-0.977,-2.319
-0.591,-0.093,-0.802,3.54,-0.305,-0.488
-0.605,-0.102,-0.792,-1.16,-1.404,-2.136
-0.573,-0.114,-0.783,-1.892,0.488,-1.831
-0.586,-0.102,-0.747,-4.028,-7.019,-2.136
-0.566,-0.084,-0.844,-6.47,-6.287,0.183
-0.605,-0.098,-0.791,-0.549,-0.549,-2.136
-0.584,-0.095,-0.709,10.01,-6.042,-3.723
-0.611,-0.088,-0.803,2.563,2.93,-1.282
-0.591,-0.083,-0.758,5.005,0.061,-2.808
-0.634,-0.081,-0.863,4.883,7.812,0.0
-0.621,-0.091,-0.799,1.526,0.427,-1.526
-0.597,-0.084,-0.771,1.587,-0.244,-2.38
-0.602,-0.094,-0.807,4.578,-2.075,-2.197
-0.616,-0.096,-0.82,0.488,-5.615,-3.174
-0.615,-0.105,-0.784,-2.747,1.038,-2.258
-0.612,-0.11,-0.784,-1.709,-1.343,-1.404
-0.623,-0.094,-0.791,1.709,-10.071,-0.61
-0.61,-0.105,-0.763,4.883,0.732,-2.563
-0.615,-0.108,-0.786,-1.343,-2.625,-2.258
-0.603,-0.084,-0.736,-3.296,-3.723,-1.648
-0.553,-0.088,-0.793,-12.085,-17.395,-1.099
-0.639,-0.066,-0.833,-6.531,3.479,0.977
-0.63,-0.073,-0.832,6.897,16.052,0.0
-0.594,-0.08,-0.865,2.136,2.808,-0.854
-0.603,-0.098,-0.821,-1.648,3.662,-1.16
-0.609,-0.094,-0.811,10.132,-6.226,-1.343
-0.591,-0.115,-0.792,-1.282,1.343,-1.709
-0.579,-0.133,-0.78,2.502,-3.357,-1.221
-0.597,-0.128,-0.73,14.832,-0.427,-9.705
-0.603,-0.125,-0.795,2.93,-6.897,-0.183
-0.619,-0.137,-0.785,1.038,-5.127,-0.488
-0.626,-0.131,-0.757,2.319,-3.662,0.671
-0.632,-0.145,-0.776,-0.549,-0.854,-2.136
-0.621,-0.131,-0.704,-16.907,2.563,-1.404
-0.64,-0.102,-0.778,-6.714,-0.671,-4.333
-0.611,-0.084,-0.749,6.042,-0.122,-0.977
-0.614,-0.107,-0.785,-0.854,-5.981,-2.441
-0.606,-0.11,-0.789,0.793,0.061,-1.831
-0.587,-0.124,-0.779,3.418,-0.61,-1.831
-0.626,-0.115,-0.825,0.977,3.235,-1.465
-0.616,-0.102,-0.812,2.991,1.892,-1.099
-0.597,-0.106,-0.761,1.648,0.854,-0.732
-0.605,-0.115,-0.788,-3.967,-0.671,-0.916
-0.594,-0.1,-0.759,2.136,2.441,-1.709
-0.613,-0.105,-0.788,0.488,-1.221,-1.587
-0.597,-0.104,-0.748,5.127,-4.15,-2.197
-0.62,-0.092,-0.745,0.488,-2.136,-2.319
-0.61,-0.104,-0.776,-0.854,1.77,-1.16
-0.596,-0.093,-0.797,-0.732,1.953,-1.831
-0.579,-0.087,-0.747,3.296,-3.845,-2.258
-0.604,-0.1,-0.808,0.671,-1.404,-1.587
-0.579,-0.104,-0.749,1.038,-2.502,-1.16
-0.607,-0.095,-0.8,2.197,0.854,-1.648
-0.61,-0.089,-0.783,0.305,-9.277,-2.625
-0.609,-0.106,-0.807,-0.488,-2.319,-0.671
-0.543,-0.113,-0.739,-1.099,-3.479,-1.404
-0.598,-0.099,-0.748,-2.563,-2.747,0.183
-0.607,-0.105,-0.781,-4.456,-0.671,-1.648
-0.616,-0.095,-0.783,0.61,-2.197,-1.343
-0.606,-0.102,-0.799,0.671,-3.967,-1.648
-0.601,-0.083,-0.787,2.441,-2.869,-1.343
-0.608,-0.098,-0.811,1.16,-2.136,-1.648
-0.61,-0.098,-0.783,0.061,-2.625,-1.892
-0.604,-0.111,-0.768,-0.183,-1.587,-1.465
-0.584,-0.114,-0.771,-9.644,-13.55,-2.197
-0.62,-0.099,-0.777,1.953,-5.31,-0.488
-0.637,-0.094,-0.772,2.808,-2.136,-1.343
-0.663,-0.088,-0.825,6.775,9.094,-0.488
-0.639,-0.099,-0.867,4.456,9.338,-2.258
-0.628,-0.088,-0.815,-0.061,0.549,-2.136
-0.601,-0.081,-0.746,2.136,-1.404,-2.991
-0.64,-0.102,-0.857,-7.202,10.01,1.648
-0.589,-0.117,-0.715,7.385,-7.507,-5.188
-0.624,-0.092,-0.832,-5.432,1.953,-0.793
-0.642,-0.071,-0.853,-8.606,6.104,-0.366
-0.584,-0.102,-0.737,1.831,-13.184,-2.197
-0.654,-0.077,-0.854,3.662,16.296,0.427
-0.644,-0.079,-0.844,7.385,13.428,-2.38
-0.625,-0.079,-0.789,-0.061,1.343,-0.916
-0.625,-0.08,-0.803,-0.366,1.953,-1.953
-0.605,-0.067,-0.759,1.099,1.221,-0.977
-0.626,-0.101,-0.778,0.488,-5.798,-2.319
-0.638,-0.103,-0.776,7.935,-6.042,-3.601
-0.64,-0.092,-0.769,2.258,5.798,-1.038
-0.62,-0.101,-0.759,18.494,4.517,4.395
-0.628,-0.094,-0.81,-3.235,-16.541,-15.198
-0.632,-0.125,-0.768,5.676,1.587,-1.282
-0.635,-0.116,-0.757,3.479,0.183,-5.737
-0.639,-0.112,-0.719,-10.864,-21.24,5.981
-0.615,-0.125,-0.784,-1.831,1.77,1.16
-0.591,-0.127,-0.672,4.15,6.042,-5.005
-0.631,-0.104,-0.769,-3.967,-2.319,3.418
-0.625,-0.08,-0.78,0.977,2.747,0.366
-0.633,-0.09,-0.772,-0.916,-0.061,-1.648
-0.605,-0.059,-0.837,-6.104,-5.737,3.296
-0.624,-0.092,-0.771,2.014,-2.075,-2.136
-0.611,-0.091,-0.761,1.099,0.122,-2.563
-0.62,-0.072,-0.763,3.906,-6.836,-2.014
-0.631,-0.073,-0.794,1.343,0.61,-0.793
-0.635,-0.071,-0.79,0.0,-2.563,-1.587
-0.623,-0.093,-0.775,1.099,-0.916,-2.319
-0.623,-0.09,-0.802,1.282,3.479,-2.686
-0.629,-0.092,-0.765,4.15,-5.92,-0.732
-0.621,-0.101,-0.773,2.441,-0.488,-2.075
-0.631,-0.106,-0.783,-0.122,-0.122,-1.465
-0.651,-0.098,-0.86,11.475,8.85,-2.197
-0.658,-0.099,-0.824,4.578,2.563,-1.709
-0.689,-0.081,-0.82,8.057,6.714,-1.526
-0.653,-0.082,-0.785,-1.404,-2.93,-0.244
-0.649,-0.099,-0.772,0.671,0.305,-1.709
-0.643,-0.088,-0.762,1.16,0.854,-1.587
-0.648,-0.079,-0.755,2.686,0.427,-1.526
-0.666,-0.082,-0.832,7.629,8.85,-3.601
-0.644,-0.088,-0.773,1.16,-0.549,-1.587
-0.646,-0.093,-0.776,-0.061,-1.404,-2.38
-0.645,-0.089,-0.761,0.244,-0.183,-0.244
-0.619,-0.099,-0.757,-0.916,-5.432,0.671
-0.64,-0.092,-0.755,0.122,-2.136,-1.526
-0.647,-0.092,-0.76,0.549,-1.465,-1.77
-0.644,-0.097,-0.762,7.507,9.46,-3.052
-0.649,-0.103,-0.816,-3.54,3.113,-0.61
-0.646,-0.094,-0.769,0.916,-0.122,-2.014
-0.626,-0.105,-0.753,3.906,-4.395,-4.028
-0.655,-0.095,-0.771,0.061,1.099,-1.587
-0.662,-0.097,-0.805,-3.113,-0.61,-1.465
-0.625,-0.097,-0.746,-1.587,0.977,0.854
-0.641,-0.106,-0.766,0.0,0.183,-1.831
-0.643,-0.097,-0.772,-0.977,-0.427,-1.648
-0.667,-0.058,-0.636,-14.587,-23.376,-0.549
-0.706,-0.083,-0.796,-4.517,0.488,1.587
-0.64,-0.085,-0.777,0.61,-0.671,-2.136
-0.635,-0.068,-0.807,0.061,-1.099,-6.165
-0.631,-0.089,-0.74,-1.709,-3.235,-1.77
-0.637,-0.086,-0.789,-1.587,0.305,-1.404
-0.639,-0.075,-0.79,1.465,-0.061,-0.793
-0.618,-0.084,-0.759,2.075,1.892,-1.16
-0.635,-0.079,-0.78,-0.122,-1.526,-2.197
-0.632,-0.084,-0.758,6.348,-11.963,-0.732
-0.654,-0.083,-0.776,-2.258,3.479,-2.014
-0.648,-0.11,-0.776,3.54,1.892,-4.822
-0.677,-0.093,-0.721,-2.93,-7.507,0.122
-0.647,-0.126,-0.773,0.488,-1.404,-2.014
-0.661,-0.12,-0.828,-0.549,-4.211,1.892
-0.632,-0.141,-0.756,-15.015,5.981,-2.563
-0.647,-0.146,-0.725,-0.244,3.54,-2.869
-0.609,-0.126,-0.669,11.78,-1.526,-6.592
-0.679,-0.133,-0.807,9.888,-1.587,-2.319
-0.649,-0.13,-0.77,1.099,-0.793,-2.075
-0.641,-0.108,-0.755,-10.803,13.0,-2.197
-0.6,-0.096,-0.809,-0.488,-4.028,5.127
-0.636,-0.074,-0.826,4.333,5.737,1.221
-0.581,-0.045,-0.85,-0.916,-0.916,2.136
-0.63,-0.078,-0.778,-1.16,-4.089,-1.343
-0.654,-0.056,-0.65,-11.108,-5.737,-2.93
-0.642,-0.068,-0.776,0.671,-0.061,-1.343
-0.639,-0.066,-0.76,-0.916,-0.305,-1.587
-0.621,-0.065,-0.756,1.221,-5.798,-1.038
-0.641,-0.068,-0.771,1.404,-0.854,-1.831
-0.658,-0.06,-0.745,1.282,-6.836,-2.075
-0.649,-0.073,-0.776,-1.404,-0.488,-1.465
-0.64,-0.065,-0.744,2.014,-8.667,-2.686
-0.633,-0.077,-0.743,11.536,-7.141,-6.165
-0.632,-0.08,-0.786,-1.038,-0.61,-1.953
-0.629,-0.076,-0.743,4.211,6.409,-0.549
-0.606,-0.065,-0.793,2.075,-4.944,-1.16
-0.651,-0.062,-0.864,10.986,15.503,-1.587
-0.619,-0.069,-0.796,0.061,1.343,-1.831
-0.591,-0.053,-0.859,-3.174,-1.465,-0.671
-0.617,-0.075,-0.781,-5.92,1.77,-2.38
-0.657,-0.058,-0.88,2.319,2.502,-1.831
-0.595,-0.084,-0.748,-25.635,-23.804,-5.859
-0.622,-0.063,-0.756,-2.93,-0.488,-2.258
-0.627,-0.062,-0.776,0.793,-1.099,-0.671
-0.637,-0.076,-0.801,-2.441,-12.207,-2.625
-0.633,-0.063,-0.784,-1.526,3.54,-0.061
-0.625,-0.051,-0.796,-4.761,-0.488,-0.977
-0.631,-0.045,-0.79,-2.014,-0.244,-1.892
-0.624,-0.036,-0.795,1.282,3.113,-1.404
-0.613,-0.033,-0.793,2.136,0.061,-2.197
-0.622,-0.029,-0.793,-0.061,-0.122,-1.404
-0.609,-0.006,-0.747,3.845,-1.892,-4.944
-0.629,-0.036,-0.68,-3.418,-5.737,-4.028
-0.626,-0.068,-0.802,-2.075,-6.409,-3.113
-0.614,-0.051,-0.76,5.188,-0.793,-2.686
-0.635,-0.051,-0.775,4.822,1.648,-1.404
-0.629,-0.052,-0.776,2.38,-2.869,-1.465
-0.627,-0.055,-0.777,0.305,-0.488,-2.136
-0.629,-0.055,-0.785,2.991,-0.488,-1.709
-0.63,-0.06,-0.792,0.305,0.916,-1.038
-0.622,-0.057,-0.776,1.221,-0.061,-1.465
-0.614,-0.057,-0.757,-1.953,1.77,-3.784
-0.611,-0.048,-0.747,-2.319,-5.432,-1.282
-0.663,-0.037,-0.818,8.667,10.254,1.038
-0.656,-0.069,-0.702,-18.494,-8.362,-2.808
-0.621,-0.055,-0.777,1.038,-0.793,-2.38
-0.632,-0.054,-0.782,-0.244,0.793,-0.671
-0.619,-0.061,-0.773,-4.15,-2.258,-0.427
-0.612,-0.045,-0.749,10.376,2.563,-0.977
-0.609,-0.044,-0.782,0.122,-1.892,-2.136
-0.606,-0.053,-0.783,-0.305,-1.465,-1.221
-0.616,-0.06,-0.779,1.709,-1.404,-1.587
-0.611,-0.051,-0.756,3.845,0.671,0.183
-0.615,-0.057,-0.782,-1.282,-2.502,-1.16
-0.614,-0.06,-0.775,2.869,-4.395,-2.014
-0.631,-0.074,-0.833,-0.61,4.089,0.732
-0.62,-0.071,-0.783,2.197,-5.127,-1.404
-0.648,-0.075,-0.785,1.526,-7.141,0.122
-0.658,-0.084,-0.811,-2.075,0.183,-0.366
-0.621,-0.064,-0.843,-0.183,-3.113,0.671
-0.635,-0.103,-0.776,-6.042,2.319,-3.174
-0.635,-0.067,-0.698,-1.099,-9.216,-3.052
-0.617,-0.103,-0.73,9.888,16.174,-4.578
-0.641,-0.044,-0.797,7.812,-0.305,-0.244
-0.629,-0.064,-0.787,2.625,-4.211,-1.221
-0.664,-0.061,-0.846,11.292,12.39,-1.465
-0.641,-0.067,-0.778,-2.502,0.183,-1.831
-0.633,-0.081,-0.773,3.662,0.488,-1.648
-0.633,-0.072,-0.778,-1.282,-0.793,-1.648
-0.632,-0.069,-0.776,1.038,0.427,-1.587
-0.627,-0.07,-0.776,-1.099,0.488,-1.465
-0.632,-0.065,-0.768,2.747,1.526,-2.197
-0.635,-0.07,-0.773,-0.488,-1.77,-1.892
-0.633,-0.088,-0.691,-13.55,-16.174,-3.235
-0.638,-0.076,-0.766,0.793,-0.488,-2.38
-0.635,-0.071,-0.764,2.808,3.662,-1.953
-0.631,-0.066,-0.759,1.282,0.977,-0.977
-0.627,-0.082,-0.745,-14.526,-22.217,-3.662
-0.649,-0.079,-0.786,2.197,-2.747,-1.831
-0.662,-0.077,-0.797,4.211,9.094,0.488
-0.668,-0.06,-0.755,5.92,3.357,-0.427
-0.651,-0.069,-0.783,-0.977,-0.366,-1.221
-0.657,-0.07,-0.762,9.521,4.822,-0.244
-0.643,-0.083,-0.749,-0.671,-2.197,-1.648
-0.645,-0.084,-0.759,0.977,-1.343,-1.587
-0.68,-0.077,-0.78,6.409,6.104,0.854
-0.673,-0.078,-0.782,0.732,0.488,-1.221
-0.638,-0.095,-0.756,-13.306,-15.259,-1.77
-0.692,-0.085,-0.777,-0.549,-1.526,-2.441
-0.669,-0.063,-0.741,-8.057,-14.282,4.517
-0.67,-0.049,-0.678,-10.742,-1.831,-1.343
-0.696,-0.054,-0.759,5.676,1.099,-1.77
-0.685,-0.047,-0.749,0.366,-1.831,-0.732
-0.691,-0.03,-0.762,7.935,0.305,-2.136
-0.69,-0.05,-0.744,2.869,1.648,-1.953
-0.686,-0.05,-0.834,-6.287,6.592,1.77
-0.67,-0.054,-0.774,1.953,1.282,-1.709
-0.661,-0.056,-0.768,0.366,1.038,-1.465
-0.658,-0.069,-0.66,-32.104,-13.672,-3.052
-0.653,-0.062,-0.766,-1.099,0.977,-1.16
-0.657,-0.063,-0.76,-0.854,-0.427,-0.854
-0.649,-0.059,-0.759,0.61,-1.221,-1.831
-0.659,-0.057,-0.759,1.221,-0.793,-2.136
-0.66,-0.063,-0.762,0.671,-0.366,-1.648
-0.658,-0.066,-0.758,1.648,-0.244,-1.648
-0.683,-0.052,-0.791,5.92,4.7,-2.686
-0.658,-0.065,-0.759,0.61,-0.427,-2.441
-0.662,-0.065,-0.762,0.916,0.793,-1.709
-0.627,-0.061,-0.743,0.488,0.427,-2.38
-0.664,-0.068,-0.768,0.122,0.244,-1.709
-0.661,-0.068,-0.769,0.122,1.16,-1.465
-0.641,-0.058,-0.729,-0.793,3.601,0.427
-0.638,-0.061,-0.733,-4.944,0.427,-0.977
-0.647,-0.07,-0.749,-0.793,0.122,-1.221
-0.652,-0.054,-0.76,0.183,-0.854,-1.587
-0.65,-0.062,-0.766,-0.244,-1.343,-1.709
-0.63,-0.068,-0.726,0.366,0.305,-1.16
-0.645,-0.062,-0.763,1.221,-0.549,-1.526
-0.651,-0.066,-0.76,1.526,-0.488,-1.831
-0.646,-0.07,-0.812,1.77,0.854,-1.587
-0.643,-0.053,-0.837,-2.502,-5.92,-5.066
-0.674,-0.069,-0.827,6.592,7.69,0.305
-0.653,-0.053,-0.774,1.16,2.747,-1.648
-0.63,-0.054,-0.76,-0.488,-3.784,-1.282
-0.654,-0.057,-0.751,-0.366,-2.686,-2.258
-0.663,-0.056,-0.761,1.221,1.465,-1.526
-0.635,-0.075,-0.753,9.521,-6.104,-7.69
-0.647,-0.074,-0.75,-0.366,-5.127,-1.953
-0.681,-0.084,-0.781,-0.732,-3.845,2.93
-0.673,-0.077,-0.75,0.916,1.404,-1.343
-0.646,-0.097,-0.725,1.831,1.282,-1.404
-0.676,-0.093,-0.727,-4.456,-3.113,-2.747
-0.664,-0.078,-0.729,-7.629,-3.601,-0.305
-0.669,-0.088,-0.671,-19.287,-2.075,1.404
-0.635,-0.076,-0.763,-2.502,-1.77,-5.432
-0.678,-0.062,-0.786,10.132,17.639,-0.305
-0.634,-0.054,-0.673,-3.662,2.441,-2.93
-0.65,-0.057,-0.768,2.014,1.892,-2.502
-0.619,-0.091,-0.64,5.981,-2.319,-3.601
-0.659,-0.04,-0.655,-16.418,-8.118,-2.441
-0.649,-0.039,-0.759,3.357,-4.883,-3.235
-0.649,-0.02,-0.797,-6.104,-1.099,1.648
-0.654,-0.025,-0.772,-0.244,-3.845,-3.052
-0.665,-0.034,-0.759,-0.183,2.563,-2.258
-0.615,-0.057,-0.664,13.672,-0.488,-2.625
-0.613,-0.038,-0.812,-8.911,-1.892,-0.366
-0.651,-0.048,-0.809,-4.333,3.052,-0.916
-0.609,-0.061,-0.729,0.0,1.587,-1.648
-0.643,-0.041,-0.776,2.197,-8.057,-1.648
-0.668,-0.031,-0.778,4.578,6.897,-2.197
-0.654,-0.035,-0.795,2.747,-5.798,-2.563
-0.673,-0.028,-0.738,-4.211,1.16,-3.601
-0.66,-0.03,-0.787,-2.075,-3.967,-2.075
-0.619,-0.074,-0.698,6.775,-12.634,-7.69
-0.634,-0.026,-0.807,-5.066,-0.366,-0.061
-0.651,-0.029,-0.765,-2.197,0.671,-0.366
-0.643,-0.018,-0.767,4.639,2.319,-1.16
-0.614,-0.016,-0.803,3.54,3.174,-0.488
-0.642,-0.037,-0.773,0.732,-2.991,-3.235
-0.628,-0.048,-0.83,-0.61,-15.686,-5.493
-0.652,-0.052,-0.781,-1.038,0.549,-0.854
-0.651,-0.041,-0.768,-0.305,2.197,-1.343
-0.661,-0.07,-0.765,0.183,-3.052,-2.319
-0.642,-0.042,-0.742,-13.0,-7.874,-2.197
-0.659,-0.043,-0.774,1.282,-4.395,-3.54
-0.638,-0.041,-0.741,-0.061,-7.141,-1.404
-0.666,-0.035,-0.784,-4.333,-2.991,-2.258
-0.661,-0.039,-0.718,-5.737,-0.977,-2.136
-0.664,-0.049,-0.779,-1.16,-0.122,-0.916
-0.685,-0.029,-0.794,7.507,12.024,0.0
-0.646,-0.046,-0.789,-1.038,-2.014,-2.197
-0.637,-0.044,-0.763,1.038,2.625,-1.709
-0.647,-0.033,-0.831,-4.944,-1.038,-1.892
-0.642,-0.037,-0.767,0.549,2.747,-0.732
-0.664,-0.026,-0.825,-8.24,8.362,0.854
-0.652,-0.045,-0.817,5.737,2.686,-1.099
-0.662,-0.044,-0.791,0.549,-0.183,-1.526
-0.655,-0.045,-0.778,-2.258,-1.648,-1.648
-0.615,-0.072,-0.705,4.822,-10.864,-5.432
-0.664,-0.039,-0.687,-7.751,-5.432,-1.831
-0.653,-0.047,-0.757,-2.563,-1.221,-1.587
-0.649,-0.039,-0.66,-4.883,-6.836,-2.686
-0.654,-0.04,-0.758,1.465,0.122,-1.343
-0.661,-0.048,-0.769,0.488,-0.122,-1.404
-0.667,-0.046,-0.796,3.357,5.493,-1.16
-0.656,-0.044,-0.765,0.427,0.183,-1.892
-0.672,-0.052,-0.812,6.104,7.935,-1.892
-0.662,-0.034,-0.712,-10.254,0.244,0.305
-0.659,-0.039,-0.766,-2.197,-1.648,-1.038
-0.641,-0.065,-0.726,2.93,-0.977,-3.479
-0.641,-0.052,-0.738,2.991,-2.014,-3.113
-0.646,-0.053,-0.74,0.671,-0.122,-1.526
-0.65,-0.039,-0.812,-0.488,-2.319,-1.587
-0.674,-0.034,-0.801,6.348,10.559,-1.892
-0.672,-0.041,-0.743,-1.038,-5.737,-2.136
-0.663,-0.034,-0.706,-7.263,-2.38,-0.854
-0.659,-0.047,-0.802,-5.859,5.554,0.793
-0.656,-0.037,-0.731,0.305,2.197,-2.197
-0.643,-0.042,-0.754,-1.526,-3.357,-1.953
-0.679,-0.048,-0.79,9.46,10.132,-1.77
-0.607,-0.028,-0.813,-6.592,-6.226,-0.977
-0.639,-0.045,-0.76,1.892,0.183,-1.953
-0.64,-0.046,-0.758,-1.404,-1.709,-2.38
-0.626,-0.045,-0.818,2.441,-2.319,-1.709
-0.658,-0.047,-0.754,1.953,4.883,-0.61
-0.654,-0.054,-0.773,3.174,5.737,-0.183
-0.637,-0.044,-0.747,1.953,1.16,-2.808
-0.669,-0.023,-0.785,9.094,5.615,-0.488
-0.645,-0.04,-0.765,3.418,-0.122,-1.587
-0.64,-0.044,-0.776,1.099,-0.854,-1.77
-0.633,-0.047,-0.762,1.953,-9.155,-1.831
-0.637,-0.051,-0.744,0.916,0.732,-1.77
-0.643,-0.044,-0.771,1.404,-1.465,-1.892
-0.644,-0.044,-0.782,-1.282,4.211,-3.052
-0.683,-0.022,-0.811,4.456,11.658,0.244
-0.636,-0.024,-0.757,0.671,-0.488,-1.709
-0.659,-0.03,-0.775,3.479,-0.916,-2.502
-0.692,-0.033,-0.809,9.521,9.094,-0.854
-0.729,-0.047,-0.844,-6.958,-0.366,0.793
-0.697,-0.044,-0.765,-9.827,2.747,4.761
-0.644,-0.026,-0.724,3.174,1.587,-2.869
-0.631,-0.052,-0.74,7.324,0.427,-2.869
-0.644,-0.047,-0.757,1.404,-17.151,-4.639
-0.703,-0.0,-0.862,11.414,12.024,1.709
-0.651,-0.043,-0.794,-0.671,-1.465,-1.648
-0.643,-0.035,-0.767,2.869,2.136,-2.991
-0.652,-0.04,-0.764,3.357,2.441,-2.563
-0.646,-0.053,-0.761,0.977,-6.104,-1.831
-0.654,-0.051,-0.752,6.165,1.892,-3.357
-0.643,-0.062,-0.802,7.629,2.563,-8.545
-0.651,-0.064,-0.773,1.282,-2.747,-9.216
-0.678,-0.047,-0.746,-3.723,-0.366,-1.404
-0.658,-0.067,-0.801,0.732,0.0,-5.127
-0.635,-0.082,-0.76,4.883,-0.671,-4.211
-0.624,-0.135,-0.642,8.179,-8.179,-5.493
-0.627,-0.078,-0.757,3.906,5.249,-5.371
-0.681,-0.054,-0.723,1.648,-2.625,-1.831
-0.622,-0.105,-0.702,0.916,-9.644,-14.221
-0.62,-0.111,-0.748,-6.775,5.493,0.122
-0.686,-0.112,-0.819,4.578,29.358,1.587
-0.577,-0.098,-0.821,-2.747,-1.831,-1.343
-0.547,-0.116,-0.862,10.071,14.771,-7.263
-0.635,-0.069,-0.738,5.798,-16.907,0.122
-0.573,-0.073,-0.724,-15.198,-12.512,-5.127
-0.59,-0.07,-0.801,-7.202,-2.136,-2.686
-0.649,-0.039,-0.967,-29.602,-5.493,1.099
-0.597,-0.003,-0.739,-2.625,8.24,-5.31
-0.547,0.17,-0.892,-2.686,-65.125,-5.859
-0.635,-0.028,-0.75,3.662,0.732,0.305
-0.657,0.0,-0.743,3.723,14.771,2.38
-0.547,-0.102,-0.407,-6.409,-10.376,-7.385
-0.686,0.006,-0.797,8.362,5.615,-1.16
-0.591,-0.034,-0.796,-33.02,-7.141,6.531
-0.642,-0.0,-0.756,1.526,-6.775,-5.005
-0.647,0.006,-0.758,1.465,4.089,-2.075
-0.642,0.001,-0.785,-0.427,4.456,0.488
-0.624,-0.014,-0.79,10.254,1.404,-1.038
-0.69,-0.011,-0.804,7.935,5.127,-1.953
-0.588,-0.022,-0.709,-3.418,-2.808,-0.488
-0.584,-0.027,-0.733,-6.653,-6.653,0.732
-0.671,0.012,-0.804,7.324,-3.662,-0.366
-0.645,-0.014,-0.737,1.526,-16.785,-2.747
-0.661,0.0,-0.533,-21.79,-31.799,-5.005
-0.648,0.006,-0.865,-12.024,0.977,0.549
-0.671,0.005,-0.772,-5.188,13.794,-3.967
-0.624,-0.057,-0.627,11.23,-7.751,-2.319
-0.649,0.005,-0.821,-13.611,-27.222,0.916
-0.67,0.009,-0.763,13.55,8.789,-3.174
-0.672,-0.007,-0.719,2.747,3.296,-2.197
-0.624,0.021,-0.837,-5.92,-30.518,-4.15
-0.701,-0.037,-0.917,12.939,24.536,0.671
-0.656,-0.012,-0.791,-2.441,1.526,-1.038
-0.632,0.005,-0.739,3.235,-10.559,4.211
-0.7,0.029,-0.777,6.714,1.099,-1.77
-0.644,-0.012,-0.536,-42.969,-81.543,-15.93
-0.666,-0.032,-0.908,14.099,24.109,3.113
-0.632,-0.027,-0.673,-13.55,-8.301,-9.216
-0.64,0.041,-0.684,-9.521,-62.012,-9.338
-0.652,-0.01,-0.78,2.197,2.319,-1.221
-0.754,-0.015,-0.954,29.48,38.147,3.418
-0.621,0.001,-0.776,4.822,1.465,-0.183
-0.65,0.001,-0.644,-2.93,-5.554,-4.028
-0.623,0.012,-0.734,-3.357,8.179,1.343
-0.638,-0.012,-0.727,-5.676,-7.812,-1.465
-0.639,-0.003,-0.76,-2.93,-0.122,0.305
-0.638,0.025,-0.758,-5.981,-1.404,-2.075
-0.627,0.035,-0.788,3.235,1.77,-5.554
-0.633,0.013,-0.775,5.066,2.319,-2.869
-0.631,0.003,-0.702,1.465,-8.972,0.549
-0.661,0.01,-0.766,12.085,-17.944,1.038
-0.559,0.039,-0.649,-43.518,-64.087,-11.78
-0.631,0.014,-0.746,-9.949,-1.038,-1.099
-0.598,0.006,-0.734,16.968,4.517,-2.38
-0.553,0.002,-0.682,-7.874,-5.859,-0.061
-0.633,0.061,-0.804,2.014,-13.794,-2.136
-0.651,0.019,-0.768,23.254,7.69,-2.441
-0.57,0.065,-0.945,1.038,-19.958,-9.949
-0.657,0.077,-0.926,2.869,-16.968,0.61
-0.649,0.007,-0.807,8.362,-2.93,-1.16
-0.597,0.105,-0.941,-0.061,-9.094,0.183
-0.651,-0.015,-0.69,8.301,0.793,-0.488
-0.659,-0.052,-0.712,-14.038,-9.644,-4.883
-0.667,-0.002,-0.747,6.47,24.353,-0.854
-0.633,-0.001,-0.783,1.282,-0.854,-2.441
-0.655,0.014,-0.828,2.563,2.747,0.244
-0.664,0.096,-0.637,-36.804,-101.99,-20.325
-0.655,0.011,-0.828,15.991,17.273,0.732
-0.706,-0.062,-0.38,-73.853,-99.426,-23.865
-0.642,-0.006,-0.765,0.671,8.789,0.854
-0.628,0.02,-0.786,1.709,1.77,-0.916
-0.601,0.018,-0.77,-7.69,-0.305,-1.892
-0.619,0.017,-0.791,-2.563,1.587,-1.099
-0.622,0.023,-0.786,1.343,-4.7,-0.854
-0.654,0.002,-0.938,-16.296,6.714,2.075
-0.617,0.014,-0.824,5.432,1.892,-2.502
-0.648,-0.01,-0.955,15.869,20.996,-0.061
-0.646,-0.057,-0.858,0.305,1.953,-3.906
-0.688,-0.008,-0.854,11.414,10.376,-2.38
-0.589,0.096,-0.859,-21.851,-29.602,-0.488
-0.617,0.011,-0.765,4.639,7.141,-6.714
-0.737,0.025,-0.927,24.109,35.156,3.601
-0.669,-0.081,-0.732,-4.15,7.751,-7.874
-0.602,0.002,-0.687,8.118,-3.601,-3.906
-0.702,0.036,-0.794,29.114,46.448,7.629
-0.671,0.018,-0.729,16.968,23.621,5.371
-0.574,0.099,-1.0,2.075,-20.752,-3.967
-0.669,-0.021,-0.812,20.081,36.438,5.859
-0.61,-0.03,-0.751,-4.089,-1.648,-4.578
-0.608,0.011,-0.747,-3.967,-0.916,-5.676
-0.614,0.0,-0.816,-19.531,-0.183,4.639
-0.639,0.041,-0.597,-18.188,-9.46,-7.263
-0.682,-0.045,-0.846,23.804,17.273,1.587
-0.612,-0.026,-0.82,3.296,2.197,0.061
-0.572,-0.017,-0.669,-6.592,-22.034,-1.465
-0.667,0.026,-0.842,-4.272,1.953,4.089
-0.671,0.001,-0.531,-12.756,-13.0,-8.728
-0.581,-0.065,-0.618,10.925,-17.7,-15.137
-0.641,-0.044,-0.676,12.634,2.563,2.014
-0.636,-0.023,-0.822,3.113,-5.798,1.953
-0.621,0.017,-0.786,-13.55,-30.457,-19.043
-0.643,-0.051,-0.63,3.662,7.751,-0.305
-0.661,-0.024,-0.82,-5.798,10.071,2.075
-0.666,0.007,-0.739,7.385,8.728,-4.15
-0.637,0.014,-0.656,6.348,-9.766,0.305
-0.64,0.001,-0.663,0.0,-2.075,-2.014
-0.62,0.016,-0.669,5.249,-8.484,-1.16
-0.708,0.01,-0.886,29.053,17.761,1.953
-0.665,-0.045,-0.517,-49.988,-63.965,-17.212
-0.628,-0.013,-0.692,-2.502,-0.61,0.488
-0.675,0.01,-0.792,-8.118,-0.793,0.732
-0.666,0.019,-0.783,-7.69,-5.737,-0.061
-0.714,0.024,-0.858,0.366,13.794,2.563
-0.649,0.012,-0.751,-1.587,-2.014,-0.854
-0.724,-0.001,-0.931,11.475,38.269,5.859
-0.688,-0.017,-0.897,10.803,29.053,1.221
-0.596,0.021,-0.809,-15.869,-35.339,-4.089
-0.713,0.001,-0.878,19.104,32.532,2.991
-0.586,0.079,-0.82,1.038,-7.141,3.296
-0.57,0.078,-0.808,10.864,-43.335,-1.77
-0.656,-0.006,-0.818,5.981,-2.319,-3.052
-0.749,0.016,-0.898,10.376,55.969,7.08
-0.664,0.001,-0.786,2.136,5.493,-0.854
-0.666,0.019,-0.682,0.916,2.014,-1.648
-0.68,-0.006,-0.89,4.822,-21.301,-6.714
-0.642,-0.01,-0.746,-5.371,-2.38,-3.479
-0.588,0.031,-0.703,9.521,-12.268,-12.512
-0.694,0.03,-0.826,11.047,3.052,2.747
-0.644,0.017,-0.649,1.709,3.845,3.479
-0.707,0.03,-0.97,12.024,24.963,4.7
-0.636,-0.01,-0.712,-5.554,0.671,-2.075
-0.602,0.0,-0.721,9.338,-3.174,0.061
-0.663,0.003,-0.604,-44.8,-22.4,-7.08
-0.64,-0.041,-0.853,-9.338,7.935,4.333
-0.67,-0.001,-0.855,10.193,6.836,0.366
-0.623,-0.002,-0.674,-38.757,-52.551,-18.066
-0.704,0.014,-0.596,-27.893,-33.081,-11.902
-0.597,0.074,-0.733,3.784,-6.836,-2.319
-0.673,-0.005,-0.693,-1.587,-5.554,-7.263
-0.655,0.006,-0.758,-0.549,5.371,-0.061
-0.636,-0.01,-0.739,3.967,9.155,-0.305
-0.621,-0.025,-0.761,5.005,3.174,-4.639
-0.648,-0.01,-0.742,1.038,4.15,-0.305
-0.642,-0.009,-0.754,1.77,-9.644,-4.517
-0.675,0.005,-0.823,-0.122,4.456,-1.404
-0.63,-0.001,-0.777,-5.798,0.305,1.343
-0.637,0.011,-0.509,-33.508,-26.245,-7.935
-0.638,-0.0,-0.719,-15.32,0.793,-4.578
-0.631,-0.018,-0.663,-4.395,-0.183,-6.836
-0.653,0.035,-0.701,-5.554,-8.484,-2.625
-0.658,0.014,-0.762,2.075,5.798,0.61
-0.714,0.001,-0.753,17.334,14.099,-0.183
-0.694,0.044,-0.801,27.527,6.104,1.77
-0.672,-0.028,-0.807,10.132,19.165,3.662
-0.657,0.012,-0.736,-3.662,-4.517,-2.563
-0.62,0.005,-0.609,-32.654,-42.175,-10.071
-0.656,0.018,-0.758,-2.075,-3.479,-3.113
-0.673,0.001,-0.792,4.089,0.549,-1.709
-0.682,-0.016,-0.888,-5.066,8.362,-4.7
-0.635,0.005,-0.806,-1.221,6.287,-0.061
-0.643,0.032,-0.826,1.404,4.944,0.793
-0.686,0.0,-0.516,-35.461,-41.931,-10.559
-0.664,0.009,-0.738,3.967,7.263,-0.61
-0.658,0.013,-0.78,0.977,-0.854,-1.526
-0.641,0.078,-0.901,-0.916,0.549,-0.671
-0.654,0.008,-0.708,-5.31,-3.906,2.38
-0.661,0.002,-0.756,-9.216,-4.211,-2.136
-0.661,0.031,-0.701,1.709,9.338,-7.446
-0.657,0.052,-0.73,2.197,-5.066,-5.31
-0.724,0.098,-0.632,-22.888,-21.606,-5.676
-0.675,0.067,-0.69,-22.156,-5.31,-7.385
-0.64,-0.023,-0.704,1.038,-36.011,-11.658
-0.729,0.018,-0.731,14.465,21.667,5.249
-0.684,0.008,-0.8,9.644,20.813,5.981
-0.677,0.02,-0.799,3.906,15.747,3.235
-0.666,0.005,-0.757,12.39,12.39,-4.7
-0.637,0.112,-0.945,-5.615,-15.625,-1.892
-0.616,0.018,-0.929,-19.165,5.188,3.601
-0.598,0.04,-0.611,-6.348,5.493,-0.916
-0.603,0.133,-0.883,7.385,-14.038,-1.404
-0.642,0.012,-0.76,0.549,-10.254,-0.732
-0.626,0.003,-0.701,-4.944,4.7,-1.221
-0.643,0.019,-0.83,12.878,-18.982,-4.883
-0.63,0.018,-0.806,2.38,-0.793,-2.014
-0.593,0.015,-0.683,-12.939,-7.751,-4.7
-0.612,0.012,-0.77,-23.621,11.963,-9.46
-0.586,0.046,-0.738,-1.099,-3.601,-0.488
-0.588,0.048,-0.76,-3.296,-2.686,-2.686
-0.622,0.03,-0.679,-7.874,-15.442,-4.333
-0.682,0.022,-0.89,7.141,13.794,-0.854
-0.604,0.034,-0.658,-8.911,-13.428,-6.531
-0.686,0.018,-0.907,8.789,18.311,1.526
-0.618,0.059,-0.657,-12.39,-9.766,-3.54
-0.673,0.03,-0.931,5.737,28.198,5.31
-0.609,0.009,-0.651,-9.338,-11.169,-5.371
-0.709,0.023,-0.802,17.456,-15.625,-3.845
-0.693,-0.008,-0.957,11.108,24.841,1.831
-0.62,0.002,-0.66,-5.371,-12.39,-5.737
-0.632,0.022,-0.764,-2.625,19.348,3.601
-0.614,0.024,-0.75,2.136,-2.563,1.221
-0.633,0.028,-0.784,0.793,-1.282,-1.892
-0.63,0.031,-0.778,-0.671,-0.732,-1.587
-0.642,0.029,-0.748,2.808,1.343,-2.136
-0.679,0.012,-0.768,11.475,19.165,1.038
-0.63,0.025,-0.787,-1.038,-4.578,-2.014
-0.634,0.021,-0.786,2.014,-0.916,-1.587
-0.628,0.024,-0.787,0.061,-1.648,-1.831
-0.636,0.025,-0.748,6.165,-10.986,-1.038
-0.665,0.029,-0.831,0.977,7.324,1.526
-0.646,-0.026,-0.664,5.859,-3.113,1.16
-0.756,-0.055,-0.944,8.606,33.569,10.01
-0.627,-0.043,-0.685,-20.081,-58.838,-13.916
-0.63,-0.005,-0.756,-3.052,3.296,-0.732
-0.637,-0.001,-0.777,2.319,0.549,-2.869
-0.61,0.013,-0.873,12.268,-7.202,-8.362
-0.679,-0.016,-1.089,5.249,31.616,3.113
-0.642,-0.03,-0.776,0.671,3.967,-2.93
-0.707,0.004,-0.696,11.475,22.888,2.258
-0.618,-0.002,-0.748,-9.399,-7.019,-5.249
-0.64,0.017,-0.748,3.174,-1.892,-0.732
-0.612,0.006,-0.747,15.503,-10.193,-11.597
-0.679,-0.028,-0.819,3.296,9.033,0.183
-0.675,-0.059,-0.754,-2.38,-0.061,0.122
-0.726,-0.01,-0.855,23.987,6.348,-2.38
-0.61,-0.02,-0.724,-16.357,3.418,0.488
-0.638,0.001,-0.829,-11.047,7.141,-0.366
-0.631,-0.011,-0.705,2.747,-1.343,-2.136
-0.67,0.014,-0.716,2.869,-1.038,-0.916
-0.671,0.012,-0.759,2.197,1.221,-1.099
-0.683,0.035,-0.826,3.113,5.554,0.0
-0.708,0.021,-0.806,18.86,7.141,1.77
-0.653,-0.016,-0.737,-5.249,-5.798,-4.578
-0.661,-0.003,-0.677,2.38,7.812,-3.479
-0.646,0.01,-0.754,-1.831,9.399,0.122
-0.635,0.002,-0.762,-5.432,-10.254,-3.845
-0.722,-0.016,-0.726,9.766,7.874,-2.93
-0.656,-0.009,-0.754,-4.639,5.859,-1.465
-0.68,0.004,-0.869,6.592,9.827,-0.244
-0.595,0.029,-0.888,-12.756,-42.48,-5.249
-0.646,0.004,-0.719,-17.517,0.122,-5.798
-0.681,0.022,-0.803,11.841,8.301,2.991
-0.724,-0.004,-0.859,20.752,4.15,-1.282
-0.617,-0.011,-0.666,-2.014,-2.441,-1.343
-0.671,0.01,-0.734,-0.671,2.686,-0.427
-0.64,-0.018,-0.643,-24.902,-36.255,-6.714
-0.713,-0.013,-0.866,3.967,9.033,-4.089
-0.657,0.029,-0.685,-11.597,0.305,-4.517
-0.704,0.022,-0.887,30.457,23.804,5.859
-0.671,0.058,-0.796,9.338,20.508,-5.31
-0.656,0.008,-0.758,10.681,1.221,3.296
-0.619,0.031,-0.886,-48.462,-6.958,2.258
-0.656,0.013,-0.636,-25.269,-13.733,-10.925
-0.662,0.018,-0.754,3.479,-11.719,-3.296
-0.72,-0.003,-0.767,31.25,19.043,-0.854
-0.625,0.002,-0.659,-5.432,-17.517,-2.563
-0.651,0.028,-0.641,0.122,-2.197,0.916
-0.66,0.031,-0.701,0.793,2.686,0.61
-0.697,0.003,-0.9,23.315,15.381,4.761
-0.708,-0.103,-0.723,30.762,2.747,3.906
-0.728,-0.04,-0.942,7.263,21.851,3.235
-0.705,-0.055,-0.416,-22.766,-43.335,-10.376
-0.669,-0.041,-0.752,-2.014,-1.404,-2.319
-0.636,-0.026,-0.751,1.465,7.751,-2.808
-0.612,-0.025,-0.751,-7.202,11.108,-3.662
-0.669,0.052,-0.715,7.446,4.517,0.183
-0.615,0.033,-0.699,-0.916,-6.165,-3.601
-0.695,0.022,-0.804,5.432,1.343,-0.305
-0.67,0.001,-0.821,8.179,6.042,1.343
-0.727,0.023,-0.837,8.118,13.184,2.319
-0.664,0.028,-0.862,3.174,-15.32,-4.578
-0.644,0.004,-0.798,-0.854,6.226,-0.671
-0.623,0.018,-0.814,-12.817,-1.831,-3.113
-0.63,-0.012,-0.787,9.155,28.625,-5.554
-0.629,0.148,-1.05,27.588,-21.362,-0.916
-0.678,-0.027,-0.925,8.362,24.353,3.113
-0.677,-0.031,-0.789,-9.949,2.38,-4.883
-0.629,0.067,-0.675,-3.479,-0.671,0.244
-0.69,0.04,-0.758,2.625,6.47,-5.798
-0.638,0.027,-0.735,-0.916,-1.526,-3.296
-0.676,0.024,-0.758,24.658,-3.113,4.822
-0.611,0.005,-0.679,25.33,1.16,-3.662
-0.678,0.031,-0.951,-1.221,11.169,2.197
-0.651,0.108,-0.691,-14.526,-8.972,-5.432
-0.644,0.016,-0.779,-35.645,10.864,-1.465
-0.615,0.037,-0.78,-0.061,5.92,2.991
-0.619,0.029,-0.798,-0.916,-2.258,-2.075
-0.631,0.07,-0.692,-16.907,-5.676,-0.793
-0.649,0.031,-0.738,-7.446,0.244,2.625
-0.676,0.031,-0.885,10.864,8.24,-1.831
-0.638,0.033,-0.813,-5.066,2.686,-6.958
-0.645,0.037,-0.711,16.663,-18.066,7.141
-0.701,-0.031,-0.805,-0.122,4.883,-5.249
-0.714,0.015,-0.392,-38.757,-43.152,-14.648
-0.638,0.051,-0.767,2.625,6.042,1.77
-0.618,0.04,-0.754,2.747,-4.395,-1.343
-0.62,0.046,-0.674,-5.432,14.16,-4.944
-0.717,0.022,-0.913,3.235,24.231,0.488
-0.638,0.138,-0.94,-4.578,9.46,0.061
-0.673,0.026,-1.007,15.32,11.78,1.892
-0.673,-0.017,-0.849,9.46,19.348,0.671
-0.657,0.028,-0.866,-0.549,1.282,-3.357
-0.646,0.054,-0.637,-2.869,7.446,-8.057
-0.675,0.03,-0.771,3.479,13.672,2.502
-0.693,0.029,-0.868,11.841,9.827,1.953
-0.646,0.001,-0.711,-8.85,0.183,-7.202
-0.666,0.026,-0.725,-0.977,1.404,-0.732
-0.646,0.014,-0.777,0.61,0.488,-2.319
-0.718,0.029,-0.935,16.846,41.748,4.15
-0.664,0.019,-0.79,0.305,0.793,-1.16
-0.646,0.015,-0.78,-1.099,-1.038,-1.099
-0.652,0.017,-0.787,1.343,-0.366,-2.075
-0.654,0.026,-0.843,-15.869,-5.493,1.404
-0.658,0.019,-0.685,-2.197,3.601,-6.287
-0.615,0.051,-0.685,-7.935,10.132,-1.038
-0.618,0.069,-0.624,-10.864,-12.634,-4.211
-0.672,0.022,-0.794,9.766,21.851,3.174
-0.641,0.029,-0.782,-2.319,1.709,-1.648
-0.663,-0.001,-0.841,-15.503,14.648,0.183
-0.618,0.023,-0.746,-0.854,-2.197,-0.549
-0.638,0.017,-0.806,8.423,-6.653,-1.709
-0.689,0.006,-0.902,15.442,5.737,1.709
-0.636,0.01,-0.736,-3.845,-0.793,-0.854
-0.676,0.045,-0.745,8.911,-10.376,1.16
-0.683,0.019,-0.754,1.648,8.423,-2.747
-0.653,0.032,-0.7,-5.92,7.385,-1.892
-0.699,-0.031,-0.847,19.531,15.991,4.883
-0.699,0.042,-0.989,7.202,17.578,2.075
-0.688,0.015,-0.932,12.39,28.687,5.371
-0.655,0.028,-0.522,-13.062,-3.54,-5.798
-0.663,0.001,-0.83,-12.451,7.812,3.601
-0.66,0.004,-0.761,-11.963,8.911,-2.625
-0.666,0.058,-0.624,9.033,17.273,-3.235
-0.661,0.046,-0.812,-1.038,4.7,0.244
-0.633,0.019,-0.723,-4.761,0.854,-4.944
-0.63,0.054,-0.714,2.686,1.465,-2.075
-0.649,0.016,-0.781,4.089,-0.366,-1.038
-0.683,-0.05,-0.981,13.611,10.864,3.967
-0.669,-0.036,-0.636,-4.272,-5.005,-4.822
-0.689,-0.043,-0.927,10.803,17.273,1.038
-0.663,-0.042,-0.724,-0.671,9.216,-3.54
-0.698,0.032,-0.654,-9.644,14.954,7.629
-0.7,0.015,-0.893,40.527,21.545,11.536
-0.699,-0.011,-0.938,0.61,0.854,-2.075
-0.63,0.025,-0.728,8.484,11.353,-4.15
-0.663,0.072,-0.646,4.272,-9.46,-7.629
-0.64,0.026,-0.62,-13.794,-8.667,-2.136
-0.653,0.034,-0.749,-2.38,-34.79,10.925
-0.678,-0.02,-0.81,3.174,19.104,0.549
-0.662,-0.047,-0.727,-20.203,-12.329,-5.127
-0.616,0.023,-0.687,-36.682,-24.536,1.16
-0.683,-0.032,-1.041,22.095,27.771,3.418
-0.715,0.0,-0.962,23.621,32.227,1.526
-0.719,0.0,-1.033,28.503,41.931,10.132
-0.7,-0.074,-0.799,39.795,-5.31,-8.911
-0.713,-0.015,-0.837,18.86,23.193,4.517
-0.691,-0.039,-0.905,15.686,18.921,2.625
-0.71,-0.037,-0.914,10.376,34.607,7.629
-0.681,-0.049,-1.132,17.334,32.043,8.423
-0.716,-0.068,-1.063,16.541,17.578,0.183
-0.652,-0.015,-0.733,9.766,-61.462,-12.146
-0.706,-0.067,-0.532,-18.616,-3.113,-5.737
-0.657,-0.025,-0.714,-0.427,6.775,-1.221
-0.673,0.003,-0.63,-5.676,-0.549,-6.897
-0.65,0.015,-0.77,-9.216,13.977,2.075
-0.615,0.029,-0.745,-6.958,4.639,-4.761
-0.616,0.014,-0.775,0.305,3.052,-0.671
-0.65,0.005,-0.737,7.507,4.944,-6.348
-0.634,0.023,-0.78,1.282,-3.357,-1.526
-0.666,0.016,-0.952,3.357,17.334,0.183
-0.643,0.012,-0.766,-7.996,-5.188,-6.409
-0.64,0.036,-0.745,0.671,13.306,2.869
-0.65,0.023,-0.797,-3.601,-9.46,-8.301
-0.623,0.032,-0.742,10.437,3.479,1.831
-0.639,0.042,-0.935,-21.606,6.042,2.747
-0.66,-0.001,-0.745,6.409,9.338,-3.906
-0.613,0.062,-0.653,-19.043,5.005,-5.798
-0.662,0.049,-0.713,-2.686,6.042,-0.977
-0.723,-0.001,-0.923,7.935,34.058,5.737
-0.654,-0.012,-0.795,-3.235,2.869,-1.099
-0.664,0.012,-0.792,-0.366,1.953,0.671
-0.606,0.038,-0.889,3.723,-1.648,7.935
-0.603,0.05,-0.793,-1.038,-18.066,-1.709
-0.623,0.008,-0.738,-14.099,-71.167,-13.123
-0.64,-0.014,-0.772,6.775,2.869,1.282
-0.69,-0.027,-0.801,9.094,25.33,2.991
-0.648,-0.004,-0.759,-16.846,-0.305,-3.54
-0.65,0.055,-0.789,-6.958,10.376,0.305
-0.731,0.021,-0.875,18.982,-0.549,-2.136
-0.636,0.05,-0.864,-10.315,16.052,4.578
-0.634,-0.004,-0.652,-9.033,-1.221,-1.709
-0.625,0.029,-0.734,5.798,2.136,1.038
-0.64,0.016,-0.709,4.883,4.395,-4.089
-0.636,0.011,-0.797,4.822,-0.122,-1.77
-0.679,-0.009,-1.009,27.588,47.18,9.277
-0.626,-0.055,-0.72,9.216,0.244,-2.869
-0.583,-0.01,-0.634,-26.794,-13.184,-2.686
-0.664,-0.058,-1.014,17.212,27.832,4.089
-0.689,-0.061,-0.688,5.005,3.601,-0.671
-0.624,0.014,-0.63,-14.16,-6.104,-7.141
-0.644,0.045,-0.89,0.977,-18.677,-4.761
-0.629,-0.022,-0.758,-6.47,1.404,-2.747
-0.634,-0.004,-0.79,8.484,-1.038,-2.075
-0.641,-0.03,-0.769,5.798,0.366,-1.282
-0.642,-0.034,-0.739,-2.686,-0.122,-2.38
-0.643,0.009,-0.578,-7.874,-4.089,-5.005
-0.668,-0.02,-0.79,12.573,8.667,-0.488
-0.722,-0.039,-0.935,14.343,14.221,2.258
-0.641,-0.029,-0.809,-3.723,-3.662,-1.587
-0.651,-0.038,-0.902,1.038,17.09,1.099
-0.633,-0.024,-0.791,-1.404,5.859,-1.953
-0.653,-0.007,-0.766,4.089,-10.376,-2.747
-0.621,-0.01,-0.778,9.216,-8.179,-8.301
-0.679,-0.032,-0.778,-8.606,10.803,2.075
-0.677,-0.059,-0.286,-49.377,-55.115,-14.709
-0.685,0.014,-0.886,-4.639,6.409,5.066
-0.726,-0.031,-0.79,11.658,-3.479,-3.357
-0.663,0.0,-0.762,0.61,6.47,-0.061
-0.649,0.001,-0.777,-5.859,-0.793,-1.465
-0.631,-0.012,-0.719,1.16,-1.587,-0.732
-0.63,0.02,-0.854,1.831,-0.122,-2.136
-0.64,-0.024,-0.801,-5.005,12.817,-1.465
-0.618,0.005,-0.67,4.395,-3.845,1.587
-0.632,0.055,-1.012,-1.526,2.869,1.77
-0.632,-0.04,-0.717,-12.756,0.122,-3.113
-0.628,-0.003,-0.761,2.625,-0.671,-1.587
-0.634,0.008,-0.796,7.935,-0.244,0.183
-0.604,-0.007,-0.88,4.272,-12.451,3.235
-0.672,0.009,-1.007,-7.568,28.137,4.456
-0.587,-0.065,-0.65,-7.69,-41.687,-9.094
-0.666,-0.018,-0.763,4.395,3.357,-0.977
-0.621,0.006,-0.714,0.122,3.357,-1.709
-0.648,-0.007,-0.698,10.864,-10.803,5.249
-0.646,-0.068,-0.62,-41.199,-97.839,-23.499
-0.655,-0.033,-0.778,5.127,1.343,-0.122
-0.66,0.002,-0.93,9.033,-13.733,-4.456
-0.633,-0.032,-0.77,-7.324,1.831,-4.272
-0.639,0.006,-0.784,-14.832,-3.967,-5.005
-0.667,0.09,-0.737,-6.592,3.479,1.953
-0.648,0.029,-0.806,5.798,7.324,3.479
-0.634,0.018,-0.77,5.432,-3.479,-2.563
-0.641,0.094,-0.846,-7.08,3.052,1.587
-0.627,0.038,-0.765,20.447,8.85,6.714
-0.675,-0.105,-0.777,33.264,-3.357,11.963
-0.667,0.044,-0.971,4.272,15.991,4.028
-0.649,0.003,-0.714,12.329,-4.761,-2.38
-0.637,0.038,-0.967,-2.625,46.204,8.24
-0.64,-0.013,-1.024,7.507,25.757,5.493
-0.63,-0.006,-0.798,-0.244,-2.319,-1.648
-0.633,0.003,-0.756,5.981,-4.395,-2.319
-0.686,-0.043,-0.761,12.268,9.216,4.15
-0.671,-0.071,-0.675,24.353,-6.409,-3.113
-0.665,-0.022,-0.828,8.667,-5.981,-2.808
-0.66,-0.022,-0.661,-1.038,13.123,-3.906
-0.603,0.002,-0.696,-14.954,-48.401,-12.146
-0.63,-0.013,-0.805,6.042,0.061,-1.526
-0.662,0.001,-0.984,12.39,18.188,3.174
-0.667,-0.028,-0.774,1.648,-5.92,-7.629
-0.631,0.044,-0.729,-2.502,10.864,-1.221
-0.627,0.012,-0.742,-10.193,-8.057,-2.258
-0.624,0.005,-0.733,-8.057,14.832,-0.916
-0.602,-0.007,-0.749,15.747,2.197,-3.479
-0.687,-0.032,-0.75,11.047,9.399,-0.793
-0.702,-0.039,-0.819,13.489,25.696,1.465
-0.632,-0.019,-0.706,1.099,-4.822,-4.578
-0.629,0.014,-0.703,-3.784,-12.695,-6.531
-0.622,0.022,-0.729,-19.226,12.329,-6.531
-0.627,0.007,-0.638,-13.794,-2.747,-9.644
-0.641,-0.036,-0.913,4.639,17.09,2.38
-0.583,0.085,-0.922,6.531,-45.227,-10.254
-0.681,-0.046,-0.478,-10.559,-29.175,-6.714
-0.622,-0.013,-0.785,2.808,0.549,-1.221
-0.638,0.02,-0.68,-11.719,0.61,-3.113
-0.649,0.012,-0.9,-7.629,2.686,2.991
-0.699,-0.04,-0.703,5.371,-2.38,-5.249
-0.662,0.01,-0.726,-8.179,18.555,-0.427
-0.637,0.029,-0.743,2.136,-3.174,-1.404
-0.705,0.004,-0.861,10.01,40.527,8.911
-0.669,-0.037,-0.723,4.578,19.348,-3.296
-0.633,-0.013,-0.686,-14.587,-4.578,-5.859
-0.634,0.005,-0.66,4.944,-10.01,-3.845
-0.67,0.015,-0.657,5.371,23.193,-1.099
-0.663,-0.004,-0.939,18.433,29.785,6.836
-0.639,-0.023,-0.807,3.174,4.272,-1.648
-0.686,-0.065,-0.85,-1.099,27.1,8.118
-0.634,-0.067,-0.721,14.16,-12.207,-6.531
-0.662,-0.029,-0.832,-7.751,0.122,3.235
-0.653,-0.049,-0.718,4.089,-7.69,-2.93
-0.658,-0.03,-0.699,-6.714,2.38,-0.977
-0.614,0.04,-0.661,-18.921,-5.371,-5.493
-0.695,0.068,-0.447,-15.137,-22.4,-0.305
-0.648,0.085,-0.991,3.845,-26.306,3.235
-0.695,-0.058,-0.87,6.348,-63.232,-16.479
-0.645,0.008,-0.781,-6.226,3.357,-8.972
-0.645,-0.035,-0.785,0.854,14.099,0.977
-0.622,-0.005,-0.813,3.967,-0.061,-0.305
-0.646,-0.007,-0.685,1.831,11.719,-5.249
-0.568,0.05,-1.01,-45.471,9.827,-2.075
-0.625,-0.004,-1.135,-4.578,42.236,4.944
-0.556,0.019,-0.976,-5.249,28.198,-1.648
-0.61,-0.01,-0.759,-4.7,-5.554,-4.333
-0.621,0.006,-0.649,17.883,0.061,4.822
-0.611,-0.01,-0.812,11.414,-6.531,1.709
-0.618,0.007,-0.816,0.0,-2.075,-2.686
-0.66,0.059,-0.769,2.258,13.123,0.122
-0.645,-0.044,-0.444,-1.77,-15.686,-3.052
-0.647,-0.007,-0.808,6.714,-6.287,-1.77
-0.7,0.031,-0.835,9.521,5.615,1.404
-0.648,-0.021,-0.797,-4.395,1.831,-1.526
-0.64,0.0,-0.702,-4.028,-4.028,-0.427
-0.66,0.039,-0.698,-13.733,-8.606,0.183
-0.654,0.0,-0.795,4.456,1.831,-0.854
-0.643,0.003,-0.723,7.629,-3.235,1.16
-0.713,-0.012,-0.902,10.681,17.334,3.723
-0.656,0.04,-0.83,-3.418,11.536,-0.183
-0.628,-0.027,-0.663,-2.869,-28.748,-11.475
-0.648,-0.014,-0.776,7.019,0.671,-1.77
-0.649,-0.024,-0.77,0.488,2.075,-0.732
-0.651,-0.018,-0.777,5.859,1.465,-1.465
-0.642,-0.022,-0.761,1.526,-2.808,-1.587
-0.65,-0.02,-0.769,-1.465,0.183,-0.671
-0.649,-0.014,-0.773,0.488,-0.488,-0.793
-0.639,-0.025,-0.757,-18.005,-3.845,1.099
-0.647,-0.033,-0.8,-20.691,-3.906,-0.488
-0.63,-0.026,-0.979,-0.671,14.954,3.784
-0.671,-0.018,-0.838,16.418,27.344,4.7
-0.645,-0.008,-0.808,-6.165,5.493,-0.793
-0.644,0.001,-0.766,-0.793,-1.77,-1.77
-0.649,0.022,-0.765,-5.066,-1.038,-1.648
-0.656,0.028,-0.792,1.038,-1.465,-2.197
-0.662,0.019,-0.757,6.348,-1.587,-2.319
-0.614,-0.009,-0.729,-7.812,18.066,-3.967
-0.691,-0.017,-0.858,4.456,-2.502,-3.174
-0.763,-0.039,-0.757,9.46,31.677,6.531
-0.656,0.004,-0.84,-5.249,11.23,2.625
-0.66,-0.007,-0.814,6.714,0.977,0.488
-0.677,0.011,-0.739,0.122,6.836,0.122
-0.675,0.032,-0.867,-16.602,5.92,-2.258
-0.677,0.026,-0.781,-12.024,33.691,15.808
-0.649,0.054,-0.784,7.08,6.47,4.211
-0.672,0.038,-0.852,5.066,26.733,5.859
-0.689,0.011,-0.92,-10.132,0.549,-0.244
-0.655,0.027,-0.728,-0.61,4.272,2.258
-0.641,0.033,-0.792,-0.366,-3.113,-1.831
-0.709,0.017,-0.887,9.888,23.193,8.606
-0.671,-0.045,-0.704,10.803,-12.329,-9.46
-0.583,-0.071,-0.585,27.222,-17.944,-11.047
-0.655,-0.028,-0.689,3.784,-1.587,-1.953
-0.662,-0.025,-0.75,1.343,-4.822,-1.831
-0.682,-0.074,-0.739,20.813,4.944,-3.113
-0.687,-0.059,-0.714,8.911,-5.31,1.038
-0.691,-0.03,-0.576,-50.476,-0.427,-2.258
-0.675,-0.034,-0.801,-17.456,5.615,4.395
-0.694,-0.017,-0.805,-9.277,8.057,-1.831
-0.578,-0.083,-0.472,9.583,-12.268,-8.606
-0.755,-0.009,-0.713,-5.798,23.254,10.376
-0.695,0.081,-1.004,15.625,2.808,3.418
-0.609,-0.033,-0.541,-36.194,-12.085,0.977
-0.651,-0.018,-0.764,3.906,-4.15,-1.587
-0.637,-0.081,-0.575,25.269,-20.508,-8.301
-0.683,0.003,-0.818,0.122,-2.869,0.488
-0.722,-0.007,-0.648,1.648,-7.263,3.662
-0.747,0.031,-0.901,-3.418,34.79,11.169
-0.63,0.066,-0.701,11.902,-34.363,-17.09
-0.675,-0.032,-0.712,-16.174,4.639,-4.089
-0.672,-0.024,-0.724,0.305,-1.343,-1.221
-0.673,-0.034,-0.717,6.958,-5.554,0.122
-0.731,-0.041,-0.672,8.118,0.916,-1.16
-0.726,-0.084,-0.611,17.944,-6.287,11.353
-0.727,-0.023,-0.778,-2.014,20.63,5.676
-0.676,-0.009,-0.703,-5.066,1.709,-3.662
-0.699,-0.015,-0.627,6.042,-5.127,-3.052
-0.651,-0.015,-0.719,9.216,-13.184,-8.606
-0.693,-0.078,-0.572,10.681,-10.742,-1.343
-0.696,-0.006,-0.766,5.493,10.437,2.93
-0.691,0.015,-0.811,3.357,-6.653,-3.479
-0.677,-0.027,-0.787,11.536,-0.427,-1.648
-0.678,0.004,-0.736,7.568,-7.019,-5.737
-0.652,0.007,-0.731,1.099,-4.395,-6.531
-0.671,0.01,-0.571,-32.41,-8.606,-3.052
-0.676,0.039,-0.846,-3.052,3.967,-1.831
-0.7,-0.041,-0.763,10.071,-0.061,-12.085
-0.605,0.018,-0.669,-7.324,-7.568,-2.38
-0.706,0.031,-0.885,4.7,3.296,0.549
-0.693,-0.003,-0.706,2.075,-4.272,-2.075
-0.719,0.029,-0.916,-5.188,50.598,14.771
-0.714,0.03,-0.955,12.268,43.945,14.282
-0.666,0.017,-0.9,18.372,21.851,12.634
-0.648,0.132,-0.849,-1.831,-14.954,-8.972
-0.669,0.032,-0.689,-9.094,-49.194,-21.118
-0.638,0.046,-0.684,14.099,10.193,-1.282
-0.622,0.033,-0.649,-0.305,-9.888,-8.301
-0.644,0.018,-0.632,2.93,-26.001,-6.042
-0.734,-0.103,-0.524,36.255,-15.503,8.972
-0.663,0.047,-0.805,10.498,-8.972,-6.897
-0.622,0.062,-0.866,-20.813,3.357,-2.136
-0.622,0.06,-0.834,-27.649,-6.47,-4.028
-0.614,-0.131,-0.585,3.113,-50.903,-26.917
-0.748,-0.111,-0.977,16.602,-4.15,2.38
-0.785,-0.016,-0.721,13.123,25.146,33.691
-0.679,0.024,-0.813,-24.231,9.277,9.521
-0.632,0.048,-0.74,12.878,20.874,0.916
